Image,Object4
002bd2213fa2d833382f25ac8f22998d\image_1.jpg,Dress Shirt
00441ea132a1974d5609c3e38ee0f3ad\image_3.jpg,Overcoat
00441ea132a1974d5609c3e38ee0f3ad\image_4.jpg,Dress Shirt
008d4fcd3325e8d6370781a33d424418\image_3.jpg,Kimono
008fc4e6341ac43d958ce9508b8b7e32\image_1.jpg,Dress Shirt
008fc4e6341ac43d958ce9508b8b7e32\image_2.jpg,Dress Shirt
008fc4e6341ac43d958ce9508b8b7e32\image_3.jpg,Dress Shirt
0096ec3c062eb9bdc9648d65053362a5\image_1.jpg,Kimono
0096ec3c062eb9bdc9648d65053362a5\image_2.jpg,Kimono
0096ec3c062eb9bdc9648d65053362a5\image_3.jpg,Kimono
01297d87b3b8102987406875cb30f391\image_1.jpg,Kimono
022ab863d03d2e788973253d8c658938\image_3.jpg,Dress Shirt
02605ba39dc6cb9414716047239cadb6\image_1.jpg,Dress Shirt
02605ba39dc6cb9414716047239cadb6\image_2.jpg,Dress Shirt
02605ba39dc6cb9414716047239cadb6\image_3.jpg,Dress Shirt
02d40be98192ce5df0eb85af5b835422\image_1.jpg,Kimono
03808f69200ac5f3a85dca7f909e6dc3\image_1.jpg,Kimono
03a41ad8ee6e9eb95425cb914b686a99\image_1.jpg,Overcoat
03aa32e011176a3550698e5b33bb6755\image_1.jpg,Dress Shirt
03aa32e011176a3550698e5b33bb6755\image_2.jpg,Dress Shirt
03aa32e011176a3550698e5b33bb6755\image_3.jpg,Dress Shirt
048956986dcf4eec1593ef6e9014741d\image_1.jpg,Jeans
048956986dcf4eec1593ef6e9014741d\image_2.jpg,Jeans
04bb48c312f9b1383d040681095552d4\image_1.jpg,Jeans
04bb48c312f9b1383d040681095552d4\image_2.jpg,Jeans
04bb48c312f9b1383d040681095552d4\image_3.jpg,Jeans
04ed725115b6b86391272031cc17db48\image_3.jpg,Jeans
04ed725115b6b86391272031cc17db48\image_4.jpg,Dress Shirt
054cc2db6edaaead8e99d88bfe3a8035\image_2.jpg,Dress Shirt
065475d8e68101f56e245ad8f7f3cc4c\image_1.jpg,Dress Shirt
065475d8e68101f56e245ad8f7f3cc4c\image_2.jpg,Dress Shirt
06c3619d9cd0190ef55ac6701db1ccc8\image_1.jpg,Evening Dress
06c3619d9cd0190ef55ac6701db1ccc8\image_3.jpg,Kimono
06c3619d9cd0190ef55ac6701db1ccc8\image_4.jpg,Evening Dress
06ce8e7210b9523731bc565aee314bd0\image_1.jpg,Jeans
06ce8e7210b9523731bc565aee314bd0\image_2.jpg,Jeans
06ce8e7210b9523731bc565aee314bd0\image_3.jpg,Jeans
06ce8e7210b9523731bc565aee314bd0\image_4.jpg,Jeans
06d32a740b9a29b1807860afded74bd9\image_1.jpg,Handbag
06d63d39bf526ec9f6796ee27ad4e11e\image_2.jpg,Evening Dress
071b1a72c2857da170644651c04aa6d9\image_1.jpg,Dress Shirt
071b1a72c2857da170644651c04aa6d9\image_2.jpg,Dress Shirt
071b1a72c2857da170644651c04aa6d9\image_3.jpg,Dress Shirt
074a77b7ca532752976793956053c386\image_1.jpg,Evening Dress
074a77b7ca532752976793956053c386\image_2.jpg,Evening Dress
074a77b7ca532752976793956053c386\image_3.jpg,Evening Dress
074a77b7ca532752976793956053c386\image_4.jpg,Evening Dress
076bec98461016f09fe0a86bea9d7be5\image_1.jpg,Jeans
07cf4840fcec0e2ab4f1ad3e9b819926\image_1.jpg,Dress Shirt
08227b82c4479a0b08a9056107ec4ad7\image_1.jpg,Necktie
0883b68b8e1fe7f7633308f531914078\image_4.jpg,Evening Dress
0883b68b8e1fe7f7633308f531914078\image_5.jpg,Evening Dress
08973eb134b80080f5b06a051d5b92de\image_1.jpg,Evening Dress
08973eb134b80080f5b06a051d5b92de\image_2.jpg,Evening Dress
08973eb134b80080f5b06a051d5b92de\image_3.jpg,Evening Dress
08973eb134b80080f5b06a051d5b92de\image_4.jpg,Evening Dress
08d28bc0edc7e1754bf128820b6e7f02\image_2.jpg,Hoodie
0932f3dd76998ea3cd0917ad34706ff9\image_1.jpg,Jeans
0932f3dd76998ea3cd0917ad34706ff9\image_2.jpg,Jeans
0932f3dd76998ea3cd0917ad34706ff9\image_3.jpg,Jeans
09851a33085e8903269c5c309ccd80a6\image_5.jpg,Overcoat
09d52df1d449273f99d122bd2a27cd39\image_1.jpg,Dress Shirt
09d52df1d449273f99d122bd2a27cd39\image_2.jpg,Dress Shirt
0a21e1831baf6bfb70c07fa99c02ae08\image_1.jpg,Dress Shirt
0a21e1831baf6bfb70c07fa99c02ae08\image_2.jpg,Dress Shirt
0a21e1831baf6bfb70c07fa99c02ae08\image_3.jpg,Dress Shirt
0a43197bf7fcfc4f3a02d5c2ab864cfa\image_1.jpg,Kimono
0abff4da893e68fd4015069617d0323d\image_2.jpg,Dress Shirt
0abff4da893e68fd4015069617d0323d\image_3.jpg,Dress Shirt
0abff4da893e68fd4015069617d0323d\image_4.jpg,Dress Shirt
0ae86d30964fa1c62a3339cd74535e3d\image_1.jpg,Overcoat
0b15d37710ca81971928a5baf675ace5\image_2.jpg,Dress Shirt
0b15d37710ca81971928a5baf675ace5\image_3.jpg,Dress Shirt
0b15d37710ca81971928a5baf675ace5\image_4.jpg,Dress Shirt
0b3a0f3c224d35626c3850d017bffb8d\image_1.jpg,Kimono
0b3a0f3c224d35626c3850d017bffb8d\image_3.jpg,Evening Dress
0b42c892a0e59b6ba08dd6ad5cfcd07b\image_5.jpg,Dress Shirt
0b9b3fc9736c2f2e6b206ef02f62fe66\image_3.jpg,Dress Shirt
0c6ddc41c63acd75ac85ab90545ec218\image_1.jpg,Evening Dress
0cb96c181460c7ee90fc7e7a56883f09\image_1.jpg,Dress Shirt
0cb96c181460c7ee90fc7e7a56883f09\image_2.jpg,Overcoat
0d052dfb1c5adc4609b981f1118c5e11\image_1.jpg,Evening Dress
0d052dfb1c5adc4609b981f1118c5e11\image_2.jpg,Evening Dress
0d052dfb1c5adc4609b981f1118c5e11\image_4.jpg,Dress Shirt
0d139b6c9ff487918d7a14cbed154e31\image_1.jpg,Dress Shirt
0d139b6c9ff487918d7a14cbed154e31\image_2.jpg,Dress Shirt
0d139b6c9ff487918d7a14cbed154e31\image_3.jpg,Dress Shirt
0d139b6c9ff487918d7a14cbed154e31\image_4.jpg,Dress Shirt
0d139b6c9ff487918d7a14cbed154e31\image_5.jpg,Overcoat
0d139b6c9ff487918d7a14cbed154e31\image_6.jpg,Jeans
0d144f5409bdfe846a2533c68b824a28\image_1.jpg,Handbag
0e0f7916f467ebbdf0f26209b9984c0b\image_1.jpg,Dress Shirt
0e0f7916f467ebbdf0f26209b9984c0b\image_2.jpg,Raincoat
0e9e2500ccc0e94efec8cbae2d25d838\image_1.jpg,Overcoat
0fc4778dc74835d02987f8d4695489a7\image_1.jpg,Dress Shirt
0fc4778dc74835d02987f8d4695489a7\image_2.jpg,Dress Shirt
1079770fc199018898b27a1df69a77ef\image_1.jpg,Evening Dress
1079770fc199018898b27a1df69a77ef\image_3.jpg,Evening Dress
1079770fc199018898b27a1df69a77ef\image_4.jpg,Evening Dress
109f2b4c99e69dce9d8fa6fef8c1081f\image_1.jpg,Necktie
10b5443d485ab2debdcc097fc315fd4b\image_2.jpg,Evening Dress
10b5443d485ab2debdcc097fc315fd4b\image_4.jpg,Evening Dress
11feddf2db450c01bf72efd630b3514f\image_6.jpg,Evening Dress
124a42d158b123a3b795efc5c5db9b69\image_1.jpg,Jeans
124a42d158b123a3b795efc5c5db9b69\image_2.jpg,Jeans
124a42d158b123a3b795efc5c5db9b69\image_3.jpg,Jeans
124a42d158b123a3b795efc5c5db9b69\image_4.jpg,Jeans
124b75b697483b917a20b2a44490987d\image_1.jpg,Kimono
12620ee82d6126b5d12792ae37356be8\image_1.jpg,Miniskirt
13189a813fba8f36184725c9702d95b6\image_1.jpg,Jeans
13189a813fba8f36184725c9702d95b6\image_3.jpg,Dress Shirt
139fc3459b1bc056009e434cee841a0e\image_2.jpg,Evening Dress
139fc3459b1bc056009e434cee841a0e\image_3.jpg,Jeans
13fc438777d5105d33d1b7ca475b5278\image_1.jpg,Overcoat
1470dbc9335f92f3f02871f5027a02fc\image_1.jpg,Jeans
1470dbc9335f92f3f02871f5027a02fc\image_2.jpg,Evening Dress
1470dbc9335f92f3f02871f5027a02fc\image_4.jpg,Evening Dress
14b6108fc1caedd20e75de8ab1b5ef88\image_1.jpg,Dress Shirt
14b6108fc1caedd20e75de8ab1b5ef88\image_3.jpg,Dress Shirt
14b6108fc1caedd20e75de8ab1b5ef88\image_5.jpg,Dress Shirt
14fa63230995b6221409aa7784678f9e\image_1.jpg,Miniskirt
14fa63230995b6221409aa7784678f9e\image_2.jpg,Miniskirt
152fadcd42ee257865d86c5ec59ac4b0\image_2.jpg,Jeans
155e15c3c5eb836a284c897b1e2f7a4e\image_1.jpg,Kimono
155e15c3c5eb836a284c897b1e2f7a4e\image_2.jpg,Kimono
1621751a32c28d2c0d52478f8c6ac5da\image_1.jpg,Evening Dress
1621751a32c28d2c0d52478f8c6ac5da\image_5.jpg,Evening Dress
162409b85194a4a02b200308a5bc9ec1\image_1.jpg,Evening Dress
162409b85194a4a02b200308a5bc9ec1\image_2.jpg,Evening Dress
162409b85194a4a02b200308a5bc9ec1\image_3.jpg,Evening Dress
16582a1d06c0e6a8090721ad2e5bc2a4\image_1.jpg,Jeans
16582a1d06c0e6a8090721ad2e5bc2a4\image_2.jpg,Evening Dress
175bd4dfc43b40f1cad184969ba65d70\image_2.jpg,Evening Dress
1795736b29248533f0777f0813d398cc\image_1.jpg,Necktie
17a11af141be2eb0b9edfd70bbdc014d\image_1.jpg,Kimono
17bbce78ee65e753008aa7a812c8e8c5\image_2.jpg,Evening Dress
18ac0c585b15b42d3e6407c4ad97b2c7\image_1.jpg,Dress Shirt
18ac0c585b15b42d3e6407c4ad97b2c7\image_5.jpg,Overcoat
18c10e9d1838357d388d4e9b18a7e2dc\image_1.jpg,Raincoat
1926a7edfcad6123e26c1b8c994d05b7\image_4.jpg,Evening Dress
19b3c6b49244dc5e914ed737ccfd55d0\image_2.jpg,Overcoat
19b6e2c63cecc5e44a359da2da630d49\image_2.jpg,Evening Dress
1a53cbf8ad5aea8587f68880d54fae56\image_3.jpg,Overcoat
1a53cbf8ad5aea8587f68880d54fae56\image_4.jpg,Jeans
1a53cbf8ad5aea8587f68880d54fae56\image_5.jpg,Jeans
1ac9f4135816acdde52d882792c4a6d1\image_2.jpg,Overcoat
1ac9f4135816acdde52d882792c4a6d1\image_3.jpg,Raincoat
1aee6638a9a7fef0a089a72b410b4612\image_1.jpg,Dress Shirt
1aee6638a9a7fef0a089a72b410b4612\image_2.jpg,Dress Shirt
1b3becd9af1d7de7902d44f09a65dc7b\image_2.jpg,Miniskirt
1b3becd9af1d7de7902d44f09a65dc7b\image_3.jpg,Miniskirt
1b75c8df07a15283b0bd22fd6058c450\image_3.jpg,Hoodie
1c0e86530bc710d039917b41b36b70bb\image_2.jpg,Jeans
1c20209c1441158b99a7f0e6e9a90ab3\image_1.jpg,Evening Dress
1c2e8ad04a7802f226f6d7d0e4999a89\image_1.jpg,Hoodie
1c2e8ad04a7802f226f6d7d0e4999a89\image_2.jpg,Hoodie
1c39992ea4457e901d4e682ab921a890\image_2.jpg,Evening Dress
1c3baff1e44a60fba063151e5185c898\image_1.jpg,Overcoat
1c51728d4501f34a464cf36177169174\image_1.jpg,Dress Shirt
1c51728d4501f34a464cf36177169174\image_3.jpg,Overcoat
1c6c43fb387ef4e6067dec6fa3852873\image_1.jpg,Dress Shirt
1c6c43fb387ef4e6067dec6fa3852873\image_2.jpg,Dress Shirt
1c73340f1aa49034dbf5024773411c84\image_1.jpg,Dress Shirt
1c73340f1aa49034dbf5024773411c84\image_2.jpg,Dress Shirt
1c8aaa18f89ba153901e4c325503f3ee\image_1.jpg,Overcoat
1c8ef907547063bfe6afebe8b38ae77d\image_1.jpg,Dress Shirt
1c8ef907547063bfe6afebe8b38ae77d\image_2.jpg,Dress Shirt
1c9b558d4764b9e6afe54587f26dffd3\image_3.jpg,Jeans
1c9b558d4764b9e6afe54587f26dffd3\image_4.jpg,Evening Dress
1d722ad874fc8153a42622fc80bc483f\image_1.jpg,Kimono
1e111e6330bbf1f32a5e43656b39e06f\image_1.jpg,Kimono
1e894239bd6888b88a8f5824c861e397\image_1.jpg,Jeans
1e894239bd6888b88a8f5824c861e397\image_2.jpg,Jeans
1e894239bd6888b88a8f5824c861e397\image_3.jpg,Jeans
1e8d190e34b0222c09c56449f2a535c6\image_1.jpg,Dress Shirt
1e8d190e34b0222c09c56449f2a535c6\image_2.jpg,Dress Shirt
1ec5a41c0aabd45b89da751185b24041\image_1.jpg,Jeans
1ef695d36f4e6d185c10ea2471dda217\image_1.jpg,Jeans
1ef695d36f4e6d185c10ea2471dda217\image_2.jpg,Jeans
1ef695d36f4e6d185c10ea2471dda217\image_3.jpg,Jeans
1f6bf50400c73cf132f2c3b7e7f74db7\image_3.jpg,Evening Dress
1f75d21881348a47f2c4e8653fca1502\image_2.jpg,Evening Dress
1f75d21881348a47f2c4e8653fca1502\image_3.jpg,Evening Dress
1f8a8050157a3220b0b0d4e65c57d7ac\image_5.jpg,Evening Dress
1fb1bbcc61f0d27f6f9af661009df2a1\image_1.jpg,Dress Shirt
2015e82ee6dde96562947d1564fa18c5\image_1.jpg,Jeans
2015e82ee6dde96562947d1564fa18c5\image_2.jpg,Jeans
20231f5ccb9e0fbeb609a7dde534afd8\image_1.jpg,Necktie
203ccdac42ad1403e0ce88fd395ec89d\image_2.jpg,Evening Dress
203ccdac42ad1403e0ce88fd395ec89d\image_3.jpg,Evening Dress
203ccdac42ad1403e0ce88fd395ec89d\image_4.jpg,Evening Dress
20eb15b9135ce65caa57a8c7af485f31\image_1.jpg,Dress Shirt
218700f386884b559b944335504a561b\image_2.jpg,Dress Shirt
218700f386884b559b944335504a561b\image_3.jpg,Overcoat
218700f386884b559b944335504a561b\image_4.jpg,Dress Shirt
21f8cad623258d8088447f2969d5e2d3\image_1.jpg,Jeans
21fcf2ea0056fb55194b05a07a3b0a57\image_1.jpg,Hoodie
21fcf2ea0056fb55194b05a07a3b0a57\image_2.jpg,Dress Shirt
225648ccfba644d3d74d49858b9630dc\image_1.jpg,Overcoat
22c51af54517e7fb675487ac1bc2ddb9\image_1.jpg,Evening Dress
22c51af54517e7fb675487ac1bc2ddb9\image_2.jpg,Evening Dress
22c51af54517e7fb675487ac1bc2ddb9\image_3.jpg,Evening Dress
22c51af54517e7fb675487ac1bc2ddb9\image_4.jpg,Evening Dress
2311d6a39aa157f76951552fa5367fd4\image_1.jpg,Dress Shirt
23286c2896d37d5665132fce3bfc777b\image_1.jpg,Jeans
234ee70133fc67602644ce763d1f54be\image_1.jpg,Jeans
234ee70133fc67602644ce763d1f54be\image_2.jpg,Jeans
238559707fcac68c120d318f60480087\image_1.jpg,Dress Shirt
238559707fcac68c120d318f60480087\image_2.jpg,Dress Shirt
23ba3e066056ca2dc8f55f5e3f1da9c6\image_1.jpg,Lab Coat
23ddc7f1e04b5e86d79401219d1dfe40\image_1.jpg,Evening Dress
23ddc7f1e04b5e86d79401219d1dfe40\image_2.jpg,Evening Dress
23ddc7f1e04b5e86d79401219d1dfe40\image_3.jpg,Evening Dress
241692857cb5c5998000f2212634e20d\image_1.jpg,Miniskirt
24758ba0e28636da069c2e47304d4f9f\image_3.jpg,Dress Shirt
24758ba0e28636da069c2e47304d4f9f\image_5.jpg,Overcoat
24a3a6c0240358dd597a7efd2dcfb485\image_1.jpg,Jeans
24a3a6c0240358dd597a7efd2dcfb485\image_3.jpg,Jeans
25a1691764d68af1f1e5eec5d8522112\image_4.jpg,Jeans
268edbd248878d0b7527a6604a617ab5\image_1.jpg,Necktie
26f65195a744bea5a3547e2b99cf87ed\image_1.jpg,Dress Shirt
2755a747401d4f48ec839fcc4a840a23\image_1.jpg,Dress Shirt
2755a747401d4f48ec839fcc4a840a23\image_2.jpg,Dress Shirt
27f53c3103380dfe37006c364d0165f1\image_1.jpg,Dress Shirt
27f53c3103380dfe37006c364d0165f1\image_2.jpg,Dress Shirt
27f53c3103380dfe37006c364d0165f1\image_4.jpg,Dress Shirt
28d4395efb12ac2ff52abbd0696daa30\image_1.jpg,Necktie
297cb402a83eba5ba5ff058f461e28d8\image_1.jpg,Evening Dress
2987e0cebb3c577721920aede01ee7b2\image_2.jpg,Evening Dress
2a8033577015152f2068fc02cda8af2c\image_3.jpg,Kimono
2aa6e931c7f2e56fa4ce1140114561ec\image_1.jpg,Kimono
2ac7bd97f3d3c467d4188293d8c62eb4\image_5.jpg,Evening Dress
2ac7bd97f3d3c467d4188293d8c62eb4\image_6.jpg,Kimono
2ada58fb1731b6076dbc5fc0bd4443d3\image_3.jpg,Dress Shirt
2ada58fb1731b6076dbc5fc0bd4443d3\image_4.jpg,Dress Shirt
2afbf6ac38f7bad5ba9cecc20d9fa129\image_2.jpg,Evening Dress
2b152c9f18ca5aa0752575318531fa5e\image_1.jpg,Jeans
2b152c9f18ca5aa0752575318531fa5e\image_2.jpg,Jeans
2b152c9f18ca5aa0752575318531fa5e\image_3.jpg,Jeans
2ba831fce05a30e34ad6c8be8fc1f202\image_1.jpg,Necktie
2bea4680ca12792ab9d871d257f5af62\image_2.jpg,Evening Dress
2bea4680ca12792ab9d871d257f5af62\image_3.jpg,Kimono
2bfb1658bfce9357f5b0fdc9dcdb6901\image_6.jpg,Kimono
2c1920f3aef675ecc7a3f6afe27fafb1\image_1.jpg,Dress Shirt
2c1920f3aef675ecc7a3f6afe27fafb1\image_3.jpg,Dress Shirt
2c85f9da9928dc7abf5865dc0719eec9\image_1.jpg,Overcoat
2d7a9f2b91ff7500e9c2d98146df6f6b\image_3.jpg,Overcoat
2d7a9f2b91ff7500e9c2d98146df6f6b\image_4.jpg,Miniskirt
2d9f51bff536a6b465625883e692480d\image_1.jpg,Dress Shirt
2d9f51bff536a6b465625883e692480d\image_2.jpg,Dress Shirt
2e78369cfc0dd6b9d8163ac3800cb61b\image_2.jpg,Jeans
2ed29e0cc2f1e9c8f4cecc47bf2a4e8f\image_1.jpg,Evening Dress
2ee439c5647508822ef350a3134fcda4\image_1.jpg,Miniskirt
2ee439c5647508822ef350a3134fcda4\image_2.jpg,Miniskirt
2f098dc271bf8a56f7457ef505081d53\image_2.jpg,Dress Shirt
2f098dc271bf8a56f7457ef505081d53\image_3.jpg,Dress Shirt
2f2d544819e1698b0b7700bfedac9056\image_1.jpg,Dress Shirt
2f2d544819e1698b0b7700bfedac9056\image_2.jpg,Dress Shirt
2f2d544819e1698b0b7700bfedac9056\image_3.jpg,Dress Shirt
2f2d544819e1698b0b7700bfedac9056\image_4.jpg,Overcoat
2f560ac754f8810fef4fffbb49100754\image_1.jpg,Dress Shirt
2f560ac754f8810fef4fffbb49100754\image_2.jpg,Dress Shirt
303408001d02756887f78cc237bd8c66\image_3.jpg,Kimono
309bb828276591c987a67ea7d66bfb1c\image_4.jpg,Evening Dress
30b61a5a652eee211de892f514d547b7\image_4.jpg,Dress Shirt
30e6fee8743ff7cb89dc4e79d2016bb0\image_3.jpg,Jeans
31015408e7b6f0df78df4ca7e649c702\image_1.jpg,Jeans
31015408e7b6f0df78df4ca7e649c702\image_3.jpg,Jeans
31b6c5d4b99e50bf3d0fae4520cc06a6\image_1.jpg,Dress Shirt
31b6c5d4b99e50bf3d0fae4520cc06a6\image_2.jpg,Dress Shirt
31cbcb66cc4bf049e46a75daff435ddb\image_1.jpg,Jeans
31cbcb66cc4bf049e46a75daff435ddb\image_2.jpg,Jeans
31cbcb66cc4bf049e46a75daff435ddb\image_3.jpg,Jeans
3278a2d3dc34ffb6c46013ae9ad19989\image_1.jpg,Overcoat
328ec3ab4d00f5984fc1a525820300e1\image_2.jpg,Dress Shirt
328ec3ab4d00f5984fc1a525820300e1\image_3.jpg,Dress Shirt
328ec3ab4d00f5984fc1a525820300e1\image_4.jpg,Dress Shirt
32a229ef998b1c5beee06feae1d4391a\image_1.jpg,Overcoat
32ae551e03b03453dcad7d96767a838e\image_3.jpg,Overcoat
32c1449bf34cda5c300ca1238e73adc6\image_1.jpg,Jeans
32c1449bf34cda5c300ca1238e73adc6\image_2.jpg,Jeans
32cfb795ca8ae75786f840ad31243cc8\image_1.jpg,Jeans
32cfb795ca8ae75786f840ad31243cc8\image_3.jpg,Jeans
336b4e13d846513eb539c4ff8b0fc2c0\image_1.jpg,Overcoat
3394666235505ba07c0b52cdf8b8dd2a\image_1.jpg,Dress Shirt
3394666235505ba07c0b52cdf8b8dd2a\image_2.jpg,Dress Shirt
33ad7945c727c422cdf409f11b8a09ea\image_2.jpg,Dress Shirt
33ad7945c727c422cdf409f11b8a09ea\image_3.jpg,Dress Shirt
3466fb8e4b03bcab7e83ae6a5cb4af2a\image_5.jpg,Evening Dress
346ced2327b88b10f58603bceea49a5b\image_1.jpg,Dress Shirt
348e2130bb234f48db590d1e8faebfea\image_1.jpg,Kimono
34c04b21628cae2530d6b2ad1dc2b695\image_2.jpg,Evening Dress
34c04b21628cae2530d6b2ad1dc2b695\image_4.jpg,Evening Dress
34cb93069a64f6a6483d2fc7fa3bb255\image_3.jpg,Kimono
34df10dd1afd800188baf4f38803fc59\image_1.jpg,Dress Shirt
34df10dd1afd800188baf4f38803fc59\image_2.jpg,Dress Shirt
350a331ff1f9724d6ebcd5e95a292fd2\image_1.jpg,Dress Shirt
350a331ff1f9724d6ebcd5e95a292fd2\image_5.jpg,Dress Shirt
352230dc638934f765b751aebf205fcf\image_1.jpg,Dress Shirt
3542a03a9500b21d7840778ad23c55db\image_3.jpg,Kimono
35aa705f44e6bfbc0f80793c528ddbca\image_1.jpg,Miniskirt
36adc979ca56b268fa28f32a622be826\image_2.jpg,Hoodie
36adc979ca56b268fa28f32a622be826\image_3.jpg,Overcoat
36adc979ca56b268fa28f32a622be826\image_4.jpg,Overcoat
36adc979ca56b268fa28f32a622be826\image_5.jpg,Hoodie
3819ae1a1d6e106a969e29ad8b62db59\image_2.jpg,Dress Shirt
3819ae1a1d6e106a969e29ad8b62db59\image_3.jpg,Dress Shirt
3819ae1a1d6e106a969e29ad8b62db59\image_4.jpg,Dress Shirt
3819ae1a1d6e106a969e29ad8b62db59\image_5.jpg,Dress Shirt
3819ae1a1d6e106a969e29ad8b62db59\image_7.jpg,Dress Shirt
3819ae1a1d6e106a969e29ad8b62db59\image_8.jpg,Dress Shirt
3868d18bb7be798d0774378d94ac2b51\image_1.jpg,Necktie
38c3117247fc75d8f1878c451490e71e\image_3.jpg,Kimono
38f0eb9f27ecba32b3ca4a7d2f9b348d\image_2.jpg,Evening Dress
38f3fb3b17b2288b9502b1f454cda663\image_1.jpg,Necktie
38f3fb3b17b2288b9502b1f454cda663\image_2.jpg,Necktie
38f3fb3b17b2288b9502b1f454cda663\image_3.jpg,Necktie
3a022d7897f3c7847d9b5dca160e0877\image_2.jpg,Evening Dress
3a2ce98672c4c260793ea3bba2ed8b58\image_1.jpg,Handbag
3a418720c63c70a725d70be91fe2ddbd\image_2.jpg,Jeans
3a418720c63c70a725d70be91fe2ddbd\image_3.jpg,Jeans
3b192fb361566394b902e6652a4e77cd\image_1.jpg,Dress Shirt
3b335a81a05eca5ae518b9188cfe5ab1\image_2.jpg,Miniskirt
3b48632972c12bd9dc381ee9c8ebb09d\image_1.jpg,Necktie
3b647791e3c4d4df0df872c4b1adec9b\image_1.jpg,Jeans
3b647791e3c4d4df0df872c4b1adec9b\image_2.jpg,Jeans
3b6c288b08f7370033bb46a143a562a1\image_3.jpg,Kimono
3bed1c7a2ec9f83230481728a20c09e2\image_1.jpg,Evening Dress
3bf2db3cfa61f1af6d3247e7da1a2ff6\image_1.jpg,Kimono
3c301873d3c490475a41952d6cb40b31\image_1.jpg,Overcoat
3c75963e1dcf29c1e9d5cdbafaa6672c\image_3.jpg,Miniskirt
3cbcf45b9879c1a50e65b9ea7491e5ca\image_3.jpg,Dress Shirt
3cd9193f2a3c8077e2c06f8dfd0ec4fa\image_1.jpg,Overcoat
3d5cf91d6f3a0bfda2b028b9db2c8db6\image_1.jpg,Jeans
3d5cf91d6f3a0bfda2b028b9db2c8db6\image_3.jpg,Jeans
3d5e90e6bbadc9c10d6c0c526086d472\image_1.jpg,Dress Shirt
3e3ea4b171fa9e3333beb4cc54f65792\image_1.jpg,Dress Shirt
3e3ea4b171fa9e3333beb4cc54f65792\image_2.jpg,Dress Shirt
3e3ea4b171fa9e3333beb4cc54f65792\image_4.jpg,Dress Shirt
3e899b3bc39fbdff7bca2f98f0d72fed\image_2.jpg,Dress Shirt
3e899b3bc39fbdff7bca2f98f0d72fed\image_3.jpg,Dress Shirt
3e899b3bc39fbdff7bca2f98f0d72fed\image_4.jpg,Dress Shirt
3f5c359629d060d5516a44adcc27d204\image_1.jpg,Dress Shirt
3f9d768a82f2a647bef4b665e3814a6b\image_3.jpg,Lab Coat
3fefb733a8e3f7425971947f965f9fa2\image_2.jpg,Overcoat
3fefb733a8e3f7425971947f965f9fa2\image_4.jpg,Kimono
40403f3151e262052dc6724175f9b576\image_3.jpg,Jeans
40c11766383cca35a9e25f23bacfd7d1\image_1.jpg,Miniskirt
40c11766383cca35a9e25f23bacfd7d1\image_2.jpg,Miniskirt
40c11766383cca35a9e25f23bacfd7d1\image_3.jpg,Miniskirt
40c11766383cca35a9e25f23bacfd7d1\image_4.jpg,Miniskirt
40c11766383cca35a9e25f23bacfd7d1\image_5.jpg,Miniskirt
412b4e467ceafa95e3a488d586260fb3\image_1.jpg,Dress Shirt
412b4e467ceafa95e3a488d586260fb3\image_2.jpg,Dress Shirt
4134ca9736ab25d1c1f0f698c43effcd\image_1.jpg,Overcoat
414be68f8c628c7c3aa25424f8029004\image_1.jpg,Necktie
417c066939de9442fbde026b6ac3dc9a\image_1.jpg,Dress Shirt
417c066939de9442fbde026b6ac3dc9a\image_2.jpg,Dress Shirt
417c066939de9442fbde026b6ac3dc9a\image_4.jpg,Dress Shirt
41a0ee97dee42e5eb64816c27196fd0d\image_2.jpg,Kimono
41a0ee97dee42e5eb64816c27196fd0d\image_3.jpg,Evening Dress
41b52c7eaf084e9e08d53d648ca87045\image_4.jpg,Lingerie
41d9a70c53ba9a938cdc81a14b68afa0\image_1.jpg,Dress Shirt
41d9a70c53ba9a938cdc81a14b68afa0\image_3.jpg,Dress Shirt
41e0947923617534e74a93f3d080d5ff\image_1.jpg,Overcoat
41ecedc3cafeb26c062496e843196ffe\image_1.jpg,Dress Shirt
4206ca26514b050906cb701c9194fbc1\image_1.jpg,Dress Shirt
43586906a879399f9d8c00553eb470e9\image_1.jpg,Evening Dress
4378e8dd042af45a385f1380bb83d1a6\image_1.jpg,Dress Shirt
4381ac7b5ef0e30f3dd12b7177661fd2\image_1.jpg,Evening Dress
4381ac7b5ef0e30f3dd12b7177661fd2\image_2.jpg,Evening Dress
438dc5cac6ee3e34d98d4a8cd48dbd1d\image_2.jpg,Kimono
438dc5cac6ee3e34d98d4a8cd48dbd1d\image_3.jpg,Overcoat
438dc5cac6ee3e34d98d4a8cd48dbd1d\image_4.jpg,Overcoat
439ad4a669499b57b1ccca60db242a2f\image_2.jpg,Jeans
43a1edcd922059e9bf8a0f5eef652f83\image_4.jpg,Evening Dress
43a1edcd922059e9bf8a0f5eef652f83\image_5.jpg,Evening Dress
43b6aa6f4c7a5b880029d24ae6a62eeb\image_1.jpg,Jeans
43b6aa6f4c7a5b880029d24ae6a62eeb\image_3.jpg,Jeans
4473e71e90863a0e025c275b653f9a91\image_3.jpg,Overcoat
44b6a16f060b75c97d65f2be8ce8e929\image_1.jpg,Dress Shirt
44c24a4155c0c2afaf71c414ba402a20\image_1.jpg,Dress Shirt
44c24a4155c0c2afaf71c414ba402a20\image_2.jpg,Dress Shirt
44c24a4155c0c2afaf71c414ba402a20\image_3.jpg,Dress Shirt
450daa818d33afe5f2e4e6abae9ebf53\image_1.jpg,Kimono
451557d03f9901dc9531a5c8c4eccf3a\image_1.jpg,Overcoat
451b097fd01d332c3472c6c749ee2247\image_1.jpg,Dress Shirt
451b097fd01d332c3472c6c749ee2247\image_2.jpg,Dress Shirt
459f1aacb6807055b218e561bed52a98\image_1.jpg,Dress Shirt
459f1aacb6807055b218e561bed52a98\image_3.jpg,Dress Shirt
45aaf7bf6459a7a90ad010d414ca9a15\image_2.jpg,Evening Dress
45aaf7bf6459a7a90ad010d414ca9a15\image_3.jpg,Jeans
46024164cfeaa4cc2c51111226bc2121\image_1.jpg,Jeans
462c9f24962b9652204b49fae5908adc\image_1.jpg,Jeans
462c9f24962b9652204b49fae5908adc\image_2.jpg,Jeans
462c9f24962b9652204b49fae5908adc\image_3.jpg,Evening Dress
464357d3d419cbef318963a9e78931e7\image_1.jpg,Overcoat
46654035d456d544a841b3bd80cfa288\image_1.jpg,Kimono
47313ecbcfc665d38c798a21ea72bc2b\image_3.jpg,Miniskirt
479f3c6030d52995764e1212766e87cc\image_3.jpg,Evening Dress
479f3c6030d52995764e1212766e87cc\image_4.jpg,Evening Dress
4826b53859c99b75b87ee321f21cb5bf\image_1.jpg,Evening Dress
485baa20a6fe07e31a430dd48327e495\image_2.jpg,Evening Dress
4864dd9fb8f0777144cdf910fd175d30\image_1.jpg,Raincoat
4864dd9fb8f0777144cdf910fd175d30\image_2.jpg,Raincoat
4864dd9fb8f0777144cdf910fd175d30\image_3.jpg,Raincoat
4864dd9fb8f0777144cdf910fd175d30\image_5.jpg,Raincoat
48b8a0a00b9838489ec430d6c3715bcd\image_2.jpg,Miniskirt
48b8a0a00b9838489ec430d6c3715bcd\image_4.jpg,Dress Shirt
48b8a0a00b9838489ec430d6c3715bcd\image_5.jpg,Dress Shirt
48dab65160ea2257d6638fc112a6433b\image_1.jpg,Jeans
48dab65160ea2257d6638fc112a6433b\image_2.jpg,Jeans
495b86dfe1bd5ada868623f4d21fcac7\image_3.jpg,Jeans
49d4aa8eaddf4db583a277aaf1acc4d1\image_1.jpg,Overcoat
49d4aa8eaddf4db583a277aaf1acc4d1\image_3.jpg,Raincoat
49e63ea3ea19a003dcbb3a2556593b12\image_1.jpg,Jeans
49e63ea3ea19a003dcbb3a2556593b12\image_2.jpg,Overcoat
49e63ea3ea19a003dcbb3a2556593b12\image_3.jpg,Jeans
4a24812b60b44fd3dbffc25a3e2b18b2\image_1.jpg,Dress Shirt
4a24812b60b44fd3dbffc25a3e2b18b2\image_2.jpg,Dress Shirt
4a758f9f19f6a01a907d38b4f45a985e\image_3.jpg,Dress Shirt
4ade85cda6854ab1d3fcf126a37e73d1\image_2.jpg,Jeans
4adf555055c954ba3988bb76af8c17fc\image_1.jpg,Necktie
4adf555055c954ba3988bb76af8c17fc\image_2.jpg,Necktie
4adf555055c954ba3988bb76af8c17fc\image_3.jpg,Necktie
4adf555055c954ba3988bb76af8c17fc\image_4.jpg,Necktie
4b56f8b324aa11a4099a8124304bc60a\image_1.jpg,Dress Shirt
4b56f8b324aa11a4099a8124304bc60a\image_2.jpg,Dress Shirt
4b5a8b56a828715b9c29b173c3a22669\image_3.jpg,Jeans
4c1ba883367bd12971d3dcabfe0f5884\image_3.jpg,Jeans
4c31919b586d88eca602b2aae9647db5\image_1.jpg,Jeans
4c31919b586d88eca602b2aae9647db5\image_2.jpg,Jeans
4ca7c502697c661a57a2ba9bd1f5cbac\image_1.jpg,Dress Shirt
4ca7c502697c661a57a2ba9bd1f5cbac\image_2.jpg,Dress Shirt
4ca7c502697c661a57a2ba9bd1f5cbac\image_3.jpg,Dress Shirt
4ca7c502697c661a57a2ba9bd1f5cbac\image_4.jpg,Overcoat
4cbd5adb924351b62e78856ba67475f9\image_1.jpg,Jeans
4cbd5adb924351b62e78856ba67475f9\image_2.jpg,Evening Dress
4cbd5adb924351b62e78856ba67475f9\image_3.jpg,Jeans
4d00e60ade82279054c8d46db7c2ad2c\image_2.jpg,Evening Dress
4d77a3cf9280d35e0dbd86a8b17089da\image_1.jpg,Evening Dress
4e764120c77726c2a60a91cf876c9201\image_1.jpg,Dress Shirt
4e764120c77726c2a60a91cf876c9201\image_3.jpg,Overcoat
4e9ff4d6bb370865cefacee4d91f98ce\image_2.jpg,Miniskirt
4f2d53f40f396cc45dfc02aec25fbceb\image_1.jpg,Jeans
4f2d53f40f396cc45dfc02aec25fbceb\image_2.jpg,Jeans
4f2d53f40f396cc45dfc02aec25fbceb\image_3.jpg,Jeans
4f38238ec18e17ddb9b98134ce4d6c34\image_2.jpg,Jeans
4f38238ec18e17ddb9b98134ce4d6c34\image_3.jpg,Miniskirt
4f38238ec18e17ddb9b98134ce4d6c34\image_4.jpg,Jeans
4f38238ec18e17ddb9b98134ce4d6c34\image_5.jpg,Jeans
4fb5225de755bbc633938ee4cc26dc19\image_2.jpg,Miniskirt
4fc1dcada0d17f0c82d239bd8abdf16f\image_1.jpg,Dress Shirt
4fccab604433a2a1e4836e081e40aa9f\image_1.jpg,Necktie
5026ce469872877c570691b2625946ef\image_1.jpg,Dress Shirt
5026ce469872877c570691b2625946ef\image_2.jpg,Dress Shirt
50349d12fc2681f527d0a29a59a6be96\image_2.jpg,Overcoat
505e183aa5f3ab1bffd52a9c030f86ad\image_1.jpg,Dress Shirt
505e183aa5f3ab1bffd52a9c030f86ad\image_2.jpg,Dress Shirt
5098a9d8f162f36672955026c2ba925c\image_1.jpg,Jeans
5098a9d8f162f36672955026c2ba925c\image_2.jpg,Jeans
50a89320f7ccbc2833bb02490525d339\image_1.jpg,Kimono
50a89320f7ccbc2833bb02490525d339\image_3.jpg,Kimono
50a89320f7ccbc2833bb02490525d339\image_4.jpg,Evening Dress
50e4b83a9e31c9d66ed3a076d7561ecf\image_1.jpg,Jeans
50e4b83a9e31c9d66ed3a076d7561ecf\image_2.jpg,Jeans
50e4b83a9e31c9d66ed3a076d7561ecf\image_3.jpg,Jeans
5106f815e7316336af20d7011e932cb9\image_1.jpg,Overcoat
510a6d91daeeb3d398058bed0137f9ae\image_2.jpg,Jeans
510a6d91daeeb3d398058bed0137f9ae\image_3.jpg,Jeans
510a6d91daeeb3d398058bed0137f9ae\image_5.jpg,Dress Shirt
513ae1bcfeffd37b8925da9777d3544b\image_1.jpg,Dress Shirt
513ae1bcfeffd37b8925da9777d3544b\image_2.jpg,Dress Shirt
51c40ebed349406b35bdc51d33a9449a\image_1.jpg,Jeans
51c40ebed349406b35bdc51d33a9449a\image_2.jpg,Jeans
51c40ebed349406b35bdc51d33a9449a\image_3.jpg,Jeans
51f10b0fb4ae0f3c2b293cac60cb7ead\image_1.jpg,Evening Dress
51ff7897b820c77a277457cdce1a22fb\image_2.jpg,Evening Dress
51ff7897b820c77a277457cdce1a22fb\image_3.jpg,Jeans
52ccb03244540a74f62056b061c61b2b\image_1.jpg,Overcoat
5367e86af3615aa99f600caeeeaaad3e\image_1.jpg,Necktie
53fd83df9a676250d6ee8078792e9940\image_3.jpg,Raincoat
54017fd800f6f318bc2c1d93b56b45ad\image_1.jpg,Handbag
5475d76620ef8239d1452e30560bb47d\image_1.jpg,Kimono
5475d76620ef8239d1452e30560bb47d\image_3.jpg,Kimono
5475d76620ef8239d1452e30560bb47d\image_4.jpg,Kimono
54a21bc4ffa13face10b7caa4f5260ae\image_3.jpg,Miniskirt
54f26b2e03c607fad809542b466030aa\image_2.jpg,Jeans
54f26b2e03c607fad809542b466030aa\image_3.jpg,Jeans
54f26b2e03c607fad809542b466030aa\image_4.jpg,Jeans
54f26b2e03c607fad809542b466030aa\image_5.jpg,Miniskirt
558453c827a11c98d8c423de48bcefbd\image_3.jpg,Jeans
56356d32a3eb30ed65ca8d854cca4602\image_1.jpg,Dress Shirt
56356d32a3eb30ed65ca8d854cca4602\image_2.jpg,Dress Shirt
56356d32a3eb30ed65ca8d854cca4602\image_3.jpg,Dress Shirt
56dafc882101e25f343ab75c364d158f\image_1.jpg,Overcoat
5817216ede4875b70cecc30a5b646379\image_2.jpg,Dress Shirt
5817216ede4875b70cecc30a5b646379\image_3.jpg,Dress Shirt
5817216ede4875b70cecc30a5b646379\image_4.jpg,Dress Shirt
58524e97799e9bcb3dbef7b286cbc27a\image_1.jpg,Miniskirt
5855c7ddea1d3f86bd91dd8d2a93250c\image_1.jpg,Dress Shirt
5855c7ddea1d3f86bd91dd8d2a93250c\image_2.jpg,Dress Shirt
587618d3c59cf2936b9679f76429cfc5\image_1.jpg,Dress Shirt
587618d3c59cf2936b9679f76429cfc5\image_2.jpg,Dress Shirt
58ba1defe3d94773eaaeea097031e551\image_1.jpg,Dress Shirt
58ba1defe3d94773eaaeea097031e551\image_2.jpg,Dress Shirt
58ba1defe3d94773eaaeea097031e551\image_3.jpg,Dress Shirt
58ba1defe3d94773eaaeea097031e551\image_5.jpg,Dress Shirt
58db4bd5b8eef777b887b3080c0c3d8f\image_1.jpg,Dress Shirt
5965e45e4c3739cd5b41e10d784c3eca\image_1.jpg,Jeans
5965e45e4c3739cd5b41e10d784c3eca\image_2.jpg,Jeans
59f9dbc5a0d9222269037318728874c0\image_1.jpg,Dress Shirt
59f9dbc5a0d9222269037318728874c0\image_2.jpg,Dress Shirt
59f9dbc5a0d9222269037318728874c0\image_4.jpg,Dress Shirt
5a08cfb7010f855a13524e8da319ad70\image_1.jpg,Dress Shirt
5a08cfb7010f855a13524e8da319ad70\image_3.jpg,Dress Shirt
5a6e01e21bf0380c39047158d6433445\image_1.jpg,Evening Dress
5a6e01e21bf0380c39047158d6433445\image_3.jpg,Kimono
5aa60bca8b1f0aa00cf05a81a271972a\image_1.jpg,Kimono
5b2be3cbd2a75a4bcc62a3eb711591e3\image_2.jpg,Evening Dress
5c62c89322f390fb23ef3a1f263e55b8\image_1.jpg,Evening Dress
5c62c89322f390fb23ef3a1f263e55b8\image_3.jpg,Kimono
5c6be09c43697e85a29b5eaf8129a738\image_2.jpg,Evening Dress
5ced298802ba3ae5fa41da449eecc171\image_1.jpg,Kimono
5d0c7398602aa07cd643f71c8f49eaa6\image_3.jpg,Jeans
5d3f38829fe13ef702035de3dcd3fe0a\image_3.jpg,Overcoat
5d3f38829fe13ef702035de3dcd3fe0a\image_5.jpg,Overcoat
5d60f2b3bfc1411fd3af002a16756b41\image_1.jpg,Jeans
5d60f2b3bfc1411fd3af002a16756b41\image_2.jpg,Jeans
5d60f2b3bfc1411fd3af002a16756b41\image_3.jpg,Jeans
5d60f2b3bfc1411fd3af002a16756b41\image_4.jpg,Jeans
5d68710a0c00abb76e32f1eb494874b3\image_2.jpg,Miniskirt
5d9a6930566ca339aa12267596a7908a\image_5.jpg,Miniskirt
5da39505c3077e170408821b00e3b988\image_1.jpg,Jeans
5da39505c3077e170408821b00e3b988\image_2.jpg,Jeans
5da39505c3077e170408821b00e3b988\image_3.jpg,Jeans
5dafb244eaac43ae98c06db2116a835c\image_1.jpg,Raincoat
5db3fffd8cdb3ae557ba75dc88481b6b\image_1.jpg,Kimono
5db3fffd8cdb3ae557ba75dc88481b6b\image_2.jpg,Kimono
5db3fffd8cdb3ae557ba75dc88481b6b\image_3.jpg,Kimono
5db8d096f46b58d67e5e87cc655f47ae\image_1.jpg,Kimono
5db94f334ef1386f95a15044d2d3ae0b\image_1.jpg,Dress Shirt
5dc5e923e26287882241789a572c0259\image_1.jpg,Overcoat
5dc5e923e26287882241789a572c0259\image_2.jpg,Dress Shirt
5dc5e923e26287882241789a572c0259\image_3.jpg,Dress Shirt
5dc5e923e26287882241789a572c0259\image_4.jpg,Dress Shirt
5dea4978a4d5ba29a944c0fc35fe09e3\image_2.jpg,Overcoat
5e394c7c9e17bd606ae509eca8266be1\image_1.jpg,Jeans
5e394c7c9e17bd606ae509eca8266be1\image_2.jpg,Jeans
5e394c7c9e17bd606ae509eca8266be1\image_3.jpg,Jeans
5e69294bba422fa859f17056cbef61f1\image_3.jpg,Jeans
5e8e47ebc6254be0f33df9587fbf455f\image_1.jpg,Dress Shirt
5e8e47ebc6254be0f33df9587fbf455f\image_2.jpg,Dress Shirt
5ecad86876eade814957454d4e08708a\image_1.jpg,Jeans
5ecc6b5cd1c232f3ed76300615ff5884\image_1.jpg,Dress Shirt
5ecc6b5cd1c232f3ed76300615ff5884\image_3.jpg,Dress Shirt
5ecc6b5cd1c232f3ed76300615ff5884\image_4.jpg,Dress Shirt
5f28f353df1523808aa9b58424360fd5\image_1.jpg,Miniskirt
5fc91eb7f4bd984b87e820e67fe370a0\image_1.jpg,Dress Shirt
5fc91eb7f4bd984b87e820e67fe370a0\image_2.jpg,Dress Shirt
5ff0555ecb3fff134683260d8f5b8460\image_5.jpg,Kimono
6094512db345e83d57e57d045dbe2651\image_1.jpg,Jeans
6094512db345e83d57e57d045dbe2651\image_2.jpg,Jeans
6094512db345e83d57e57d045dbe2651\image_3.jpg,Jeans
60a88868a44120063fe6ac28dce9581c\image_1.jpg,Dress Shirt
60a88868a44120063fe6ac28dce9581c\image_2.jpg,Dress Shirt
60a88868a44120063fe6ac28dce9581c\image_4.jpg,Dress Shirt
615ef3b8015a06f529d53a4e5d9367e6\image_1.jpg,Jeans
615ef3b8015a06f529d53a4e5d9367e6\image_2.jpg,Jeans
618181a14f3d8b5430b9c5a3521ae901\image_2.jpg,Miniskirt
61bed84393d08f46f3cbf1203bd1c0c8\image_2.jpg,Dress Shirt
61bed84393d08f46f3cbf1203bd1c0c8\image_3.jpg,Overcoat
61bed84393d08f46f3cbf1203bd1c0c8\image_5.jpg,Dress Shirt
61c4c56ff97d2c3ca8ced2ef5b8ac1e8\image_1.jpg,Dress Shirt
61c4c56ff97d2c3ca8ced2ef5b8ac1e8\image_2.jpg,Dress Shirt
624b4341b9558effa13cdddf660cbd65\image_2.jpg,Evening Dress
624b4341b9558effa13cdddf660cbd65\image_4.jpg,Evening Dress
6250035a77bcf340de5dcc2e41a5404c\image_3.jpg,Evening Dress
62523898d78bf7a706f3fb6b1497335f\image_2.jpg,Jeans
6257156e2f20b02759b35f3ce5dce277\image_1.jpg,Necktie
62ef60ce88d6d866e19072cddbd1dfe8\image_2.jpg,Evening Dress
633f78840a2b2fa132f26856ead175bb\image_2.jpg,Miniskirt
640bc4ddf769a169ff8c531ecae3d9ce\image_1.jpg,Kimono
640bc4ddf769a169ff8c531ecae3d9ce\image_2.jpg,Kimono
640bc4ddf769a169ff8c531ecae3d9ce\image_3.jpg,Kimono
6443d6f45fabb7bbf23c7866cdac3455\image_1.jpg,Dress Shirt
6504cb93c15c30f8b708de0c121908a2\image_1.jpg,Jeans
6504cb93c15c30f8b708de0c121908a2\image_2.jpg,Jeans
65a0c45e7bb7af56bb6c6ab6c8f9a432\image_1.jpg,Jeans
65a0c45e7bb7af56bb6c6ab6c8f9a432\image_2.jpg,Jeans
65a8bd85235ad35ad56a7dbb39053360\image_1.jpg,Dress Shirt
65a8bd85235ad35ad56a7dbb39053360\image_2.jpg,Dress Shirt
65ee7445e7d3face1fbcd21428e76947\image_1.jpg,Jeans
65ee7445e7d3face1fbcd21428e76947\image_2.jpg,Jeans
65ee7445e7d3face1fbcd21428e76947\image_3.jpg,Jeans
65ee7445e7d3face1fbcd21428e76947\image_4.jpg,Jeans
65ef817a5ae86e8f0fe2036b1e7e5afa\image_1.jpg,Necktie
663f57cbe6c416f1f22df0d00ca14541\image_1.jpg,Kimono
665f836bb676c62006c93dd6df3bb401\image_2.jpg,Miniskirt
666b5aa63b96e988b1b1cbcf1d6902f4\image_1.jpg,Overcoat
673dcd148903153e61cb5606b970bce9\image_4.jpg,Kimono
6775a74e127aa0661063fe3709780b16\image_1.jpg,Jeans
6775a74e127aa0661063fe3709780b16\image_2.jpg,Jeans
6775a74e127aa0661063fe3709780b16\image_3.jpg,Jeans
678d9eead2d741e698a1efd2ff760e5a\image_1.jpg,Evening Dress
679457e9ef4675b973b9d4b30dc6179c\image_1.jpg,Dress Shirt
682a3e6ec55403eab42b1e6ebf2cf9b6\image_1.jpg,Necktie
6831c760576027bb77782a48ad0f8718\image_1.jpg,Evening Dress
6831c760576027bb77782a48ad0f8718\image_2.jpg,Evening Dress
683ce907593f31b646862588f105e69d\image_4.jpg,Jeans
689757e5501900119a994a48f1c8172a\image_1.jpg,Jeans
68987d0ecdb9aa61af50ef528b7bdac7\image_1.jpg,Dress Shirt
68987d0ecdb9aa61af50ef528b7bdac7\image_2.jpg,Dress Shirt
68c35a985298f4b14a812c262c6382ce\image_1.jpg,Evening Dress
68c35a985298f4b14a812c262c6382ce\image_2.jpg,Evening Dress
68c35a985298f4b14a812c262c6382ce\image_4.jpg,Evening Dress
69881de8393261a2aae923732afd1e14\image_1.jpg,Jeans
69881de8393261a2aae923732afd1e14\image_2.jpg,Jeans
69a9618e885f8a5553c0fff07d5816f6\image_1.jpg,Dress Shirt
69a9618e885f8a5553c0fff07d5816f6\image_3.jpg,Overcoat
69a9618e885f8a5553c0fff07d5816f6\image_4.jpg,Dress Shirt
69a9618e885f8a5553c0fff07d5816f6\image_5.jpg,Overcoat
69a9618e885f8a5553c0fff07d5816f6\image_6.jpg,Overcoat
69c197f58b49a85ade0914d14e228c27\image_1.jpg,Necktie
69c690353d2128e6119121029da18f4d\image_1.jpg,Jeans
69c690353d2128e6119121029da18f4d\image_2.jpg,Jeans
69d8e57c94ba8c8db7e7a4c1fbc70cc5\image_1.jpg,Kimono
69d8e57c94ba8c8db7e7a4c1fbc70cc5\image_2.jpg,Evening Dress
69d8e57c94ba8c8db7e7a4c1fbc70cc5\image_3.jpg,Kimono
69d8e57c94ba8c8db7e7a4c1fbc70cc5\image_4.jpg,Kimono
69e11981702ced7beb590ca376551b23\image_1.jpg,Overcoat
69ef45480c8d040d2829ac24bee92ede\image_3.jpg,Jeans
69ef45480c8d040d2829ac24bee92ede\image_4.jpg,Jeans
6a0b79479c7c460cef2099115da1c2bb\image_1.jpg,Jeans
6a4cbae2500f7f7108fb17acf4d3eb9a\image_1.jpg,Kimono
6a4cbae2500f7f7108fb17acf4d3eb9a\image_2.jpg,Kimono
6ad8cc413f365f1c050578c2229052f8\image_3.jpg,Evening Dress
6b45b61af378511e29898e2cb31d8e5f\image_1.jpg,Evening Dress
6b45b61af378511e29898e2cb31d8e5f\image_2.jpg,Evening Dress
6b45b61af378511e29898e2cb31d8e5f\image_3.jpg,Evening Dress
6bbf2b6dbc108d974c9162a751847b25\image_1.jpg,Jeans
6bbf2b6dbc108d974c9162a751847b25\image_2.jpg,Jeans
6bbf2b6dbc108d974c9162a751847b25\image_3.jpg,Jeans
6c80a1c37847fa541ec1b403069517d8\image_1.jpg,Jeans
6c80a1c37847fa541ec1b403069517d8\image_2.jpg,Jeans
6d239908008360b967a8050a940dffa7\image_1.jpg,Dress Shirt
6d239908008360b967a8050a940dffa7\image_2.jpg,Dress Shirt
6da652847e781cbccd20a2ba4db741b4\image_1.jpg,Dress Shirt
6da652847e781cbccd20a2ba4db741b4\image_2.jpg,Dress Shirt
6e0204de8b86d2ef597caf8a9aecc947\image_1.jpg,Overcoat
702f0276a88a4cc88ed53548e294e495\image_1.jpg,Overcoat
7042b975c08ae834eb9ed6c4f2d7d664\image_1.jpg,Necktie
706033c539f53011524e8f68c35e2017\image_1.jpg,Overcoat
70e7a0054318ffe4451bb8020306bfa0\image_2.jpg,Dress Shirt
70e7a0054318ffe4451bb8020306bfa0\image_5.jpg,Dress Shirt
71106bbe8fbb44c8d3b3c9404b0d6490\image_1.jpg,Evening Dress
71106bbe8fbb44c8d3b3c9404b0d6490\image_3.jpg,Evening Dress
71307ae16f82576777d94a5805707322\image_1.jpg,Dress Shirt
71307ae16f82576777d94a5805707322\image_2.jpg,Dress Shirt
715632e756b68f6c5f54bf2f7a2a1bc2\image_1.jpg,Evening Dress
71bdddb36ddb3bbfde1cc4a397150518\image_1.jpg,Raincoat
7208929264249c24db79251b4ce4f1a2\image_3.jpg,Jeans
720d68497d315e94efc6e857ff30ec68\image_1.jpg,Dress Shirt
720d68497d315e94efc6e857ff30ec68\image_3.jpg,Dress Shirt
72b0286881ceee3cb3573cfb22971285\image_1.jpg,Jeans
72b0286881ceee3cb3573cfb22971285\image_2.jpg,Jeans
72b0286881ceee3cb3573cfb22971285\image_3.jpg,Jeans
72b0286881ceee3cb3573cfb22971285\image_4.jpg,Dress Shirt
72ca5b9021f82a1a40ff69a6093cda49\image_1.jpg,Necktie
7350a336ad0b78675fa6316d983538f1\image_1.jpg,Kimono
7350a336ad0b78675fa6316d983538f1\image_3.jpg,Kimono
735b6cc12689069a3c11d9b4d0b05487\image_1.jpg,Dress Shirt
735b6cc12689069a3c11d9b4d0b05487\image_2.jpg,Dress Shirt
73625d890754d10a78696ad750a7d2df\image_1.jpg,Overcoat
736c99224bd2eb7177d6e14c672fa2b5\image_1.jpg,Jeans
736c99224bd2eb7177d6e14c672fa2b5\image_2.jpg,Jeans
74d0221e28931144dd5d8d3a08d2b671\image_1.jpg,Dress Shirt
74d0221e28931144dd5d8d3a08d2b671\image_2.jpg,Dress Shirt
74f53b58715668d7de47dacc20ae4b7f\image_5.jpg,Miniskirt
7528bcfa5a1d700662f5e196914bc020\image_2.jpg,Jeans
754ae78c4f96e9fe738fad1a2e8d2998\image_1.jpg,Overcoat
755b04050ad401cebd266f1c98a01cfc\image_1.jpg,Jeans
755b04050ad401cebd266f1c98a01cfc\image_3.jpg,Jeans
755c8e3e7f600c75d9b490ce308fb4bf\image_1.jpg,Dress Shirt
755c8e3e7f600c75d9b490ce308fb4bf\image_2.jpg,Dress Shirt
760ab9ed63989ee09673a5696e7cc7ae\image_2.jpg,Jeans
760ab9ed63989ee09673a5696e7cc7ae\image_3.jpg,Jeans
760ab9ed63989ee09673a5696e7cc7ae\image_5.jpg,Miniskirt
763c346455de721f2313835a555e71ec\image_1.jpg,Dress Shirt
763c346455de721f2313835a555e71ec\image_2.jpg,Dress Shirt
7694c2ffcea89527588dd4ab692f70bf\image_1.jpg,Miniskirt
76a6e8f052083d34a3f1cabaf7a696d6\image_1.jpg,Dress Shirt
76a6e8f052083d34a3f1cabaf7a696d6\image_2.jpg,Dress Shirt
76a6e8f052083d34a3f1cabaf7a696d6\image_3.jpg,Dress Shirt
76a6e8f052083d34a3f1cabaf7a696d6\image_4.jpg,Dress Shirt
76a6e8f052083d34a3f1cabaf7a696d6\image_5.jpg,Dress Shirt
76c9d30defe4d3fb685e297cae001e68\image_2.jpg,Miniskirt
76f7554cf87a27a3db5abc750698e4b3\image_1.jpg,Jeans
76f7554cf87a27a3db5abc750698e4b3\image_2.jpg,Jeans
76f7554cf87a27a3db5abc750698e4b3\image_3.jpg,Jeans
771fe0fefd210d95232e2b8d3c888595\image_1.jpg,Jeans
771fe0fefd210d95232e2b8d3c888595\image_3.jpg,Jeans
775fb17edb78b3c94c878b008abc8a6e\image_2.jpg,Jeans
77710a7ccd620bc278cc433edafacb72\image_1.jpg,Necktie
77763443d95b8d516543dc65839138aa\image_1.jpg,Kimono
7793dec7ea8bab5170738340832f921a\image_1.jpg,Dress Shirt
7793dec7ea8bab5170738340832f921a\image_2.jpg,Dress Shirt
784d13ca4e7bc5a5fb1c687e03c892bc\image_2.jpg,Miniskirt
78a28b963c6bad836f5253e3b4ca88eb\image_1.jpg,Necktie
78b02e105dcd1fcb878461c8e1b735a2\image_1.jpg,Dress Shirt
78b02e105dcd1fcb878461c8e1b735a2\image_2.jpg,Dress Shirt
78b02e105dcd1fcb878461c8e1b735a2\image_3.jpg,Dress Shirt
7901fb9c012effa6e52b9531a993cd5e\image_1.jpg,Dress Shirt
7901fb9c012effa6e52b9531a993cd5e\image_2.jpg,Dress Shirt
7966404270ec8aec00f37b3f3c253b71\image_2.jpg,Evening Dress
7966404270ec8aec00f37b3f3c253b71\image_4.jpg,Evening Dress
7998e37956e30d8b414f02ba08721d0a\image_1.jpg,Jeans
7998e37956e30d8b414f02ba08721d0a\image_2.jpg,Jeans
7998e37956e30d8b414f02ba08721d0a\image_3.jpg,Jeans
79dcf26fdf0318011295c4dde7fab8d1\image_1.jpg,Jeans
79dcf26fdf0318011295c4dde7fab8d1\image_2.jpg,Jeans
7a19a6c494d03d0d2e829b9e644c629f\image_3.jpg,Miniskirt
7b39865ab46cece21c708fd397177c6f\image_1.jpg,Jeans
7b39865ab46cece21c708fd397177c6f\image_2.jpg,Jeans
7b39865ab46cece21c708fd397177c6f\image_3.jpg,Jeans
7b5c2d9600c1ea0eda1099f17c4a6661\image_1.jpg,Overcoat
7ba4fa5e9aa12cf79060f19f399a6aa6\image_3.jpg,Jeans
7ba4fa5e9aa12cf79060f19f399a6aa6\image_4.jpg,Jeans
7ba4fa5e9aa12cf79060f19f399a6aa6\image_5.jpg,Jeans
7ba9be87ed0403be3d168aa2da5940b2\image_1.jpg,Overcoat
7bcac181dac7622dfb001caa61cbf22f\image_4.jpg,Kimono
7bd7f7efd10b3f00ebc52b62124e1cd2\image_1.jpg,Kimono
7be52c6848f0198a6eb264eaa6439d9d\image_2.jpg,Jeans
7c433cbec567dfa693e39aba03dc1af3\image_1.jpg,Dress Shirt
7c433cbec567dfa693e39aba03dc1af3\image_2.jpg,Dress Shirt
7c4e5f2739cdf6223084887d5eb564ba\image_1.jpg,Jeans
7cd85fd37f42c278edccd5d0af4ddb01\image_1.jpg,Dress Shirt
7cd85fd37f42c278edccd5d0af4ddb01\image_2.jpg,Dress Shirt
7cf81b3e17ceec4e62bf2524fd51ca5d\image_1.jpg,Dress Shirt
7cf81b3e17ceec4e62bf2524fd51ca5d\image_2.jpg,Dress Shirt
7cf81b3e17ceec4e62bf2524fd51ca5d\image_4.jpg,Dress Shirt
7d4de8fc424686568fff436e333499ef\image_1.jpg,Overcoat
7d58ffb7ce6f58a6383fc73189ccdacf\image_1.jpg,Dress Shirt
7d58ffb7ce6f58a6383fc73189ccdacf\image_2.jpg,Dress Shirt
7d653470dcbe78d1f661d6de5211fee0\image_1.jpg,Dress Shirt
7d653470dcbe78d1f661d6de5211fee0\image_2.jpg,Necktie
7d653470dcbe78d1f661d6de5211fee0\image_3.jpg,Dress Shirt
7d653470dcbe78d1f661d6de5211fee0\image_4.jpg,Dress Shirt
7d86c03ad18404dd7d69b99019a2dbb5\image_1.jpg,Dress Shirt
7d86c03ad18404dd7d69b99019a2dbb5\image_2.jpg,Dress Shirt
7d86c03ad18404dd7d69b99019a2dbb5\image_3.jpg,Dress Shirt
7d9d26c9a17c21e1a4c4f8fa9cf9d12a\image_1.jpg,Necktie
7da52bbeb4f000da50a3a24f1de3ae38\image_4.jpg,Evening Dress
7da52bbeb4f000da50a3a24f1de3ae38\image_6.jpg,Miniskirt
7e0d1d38126715d2b92193533baa9060\image_1.jpg,Dress Shirt
7e0d1d38126715d2b92193533baa9060\image_2.jpg,Dress Shirt
7e0d1d38126715d2b92193533baa9060\image_4.jpg,Dress Shirt
7e8334c0cd91db77d90cfc8e60b91714\image_2.jpg,Dress Shirt
7e8334c0cd91db77d90cfc8e60b91714\image_3.jpg,Dress Shirt
7e8334c0cd91db77d90cfc8e60b91714\image_4.jpg,Dress Shirt
7ea32a0fbe941382f913437f90a396bb\image_1.jpg,Necktie
7ecff1b56c9dea38cf41d9a08908f825\image_3.jpg,Overcoat
7f334b75401144e4e9c675ce5f3115a1\image_1.jpg,Dress Shirt
7f334b75401144e4e9c675ce5f3115a1\image_2.jpg,Dress Shirt
800391def6fab15be13a7f14a36cfb9d\image_1.jpg,Jeans
800391def6fab15be13a7f14a36cfb9d\image_2.jpg,Jeans
800391def6fab15be13a7f14a36cfb9d\image_3.jpg,Jeans
806e5441011a21395325795a75444ba6\image_1.jpg,Jeans
806e5441011a21395325795a75444ba6\image_2.jpg,Overcoat
806e5441011a21395325795a75444ba6\image_3.jpg,Jeans
80d83fa7b0f292b7e5994084584c0bc7\image_3.jpg,Kimono
810392c83b38d9bbe6f6ccfd1b4a230d\image_1.jpg,Dress Shirt
814b8c0fde3a96bb8b67e464f753379e\image_1.jpg,Dress Shirt
814b8c0fde3a96bb8b67e464f753379e\image_3.jpg,Overcoat
8163b7d6d871479a8716da4ae28f6e7e\image_2.jpg,Miniskirt
818a4f7d99238e4e0a8c84e51a8c12ff\image_1.jpg,Jeans
818a4f7d99238e4e0a8c84e51a8c12ff\image_2.jpg,Jeans
81ac7bbd9b012386bd69c4594a77bbe8\image_2.jpg,Jeans
82b173ed0d754f15a4eae409d3f1217d\image_1.jpg,Jeans
82b173ed0d754f15a4eae409d3f1217d\image_2.jpg,Jeans
82b173ed0d754f15a4eae409d3f1217d\image_3.jpg,Jeans
82d9f487ab3cb5508a0d9406592fa743\image_1.jpg,Dress Shirt
83546f1a781ee9626e1fcc130654105f\image_1.jpg,Kimono
83accb9f08c60fa2b441a55d85e8617e\image_1.jpg,Overcoat
842f344bd757aa3f82ae95a93cc490ef\image_1.jpg,Overcoat
84383502d534bf03ed3361d0fcad6e0c\image_1.jpg,Dress Shirt
84383502d534bf03ed3361d0fcad6e0c\image_2.jpg,Necktie
84383502d534bf03ed3361d0fcad6e0c\image_4.jpg,Dress Shirt
8462e1c3a43cb48997f297f001c7588b\image_1.jpg,Kimono
84dc47d62078358a8135d825626cac85\image_1.jpg,Dress Shirt
84dc47d62078358a8135d825626cac85\image_2.jpg,Dress Shirt
84dc47d62078358a8135d825626cac85\image_4.jpg,Dress Shirt
85380591cc38015c837a3057f5dc5b2d\image_2.jpg,Overcoat
8561e5f03c9be9c5c31f9d89f34f6560\image_1.jpg,Evening Dress
85a003fe7fea4f7faf22571ca1d25a5a\image_1.jpg,Necktie
862a975760792a944f2749951118ff12\image_1.jpg,Kimono
8636b173e4c37f180ee4a71eec4e74a4\image_1.jpg,Jeans
8636b173e4c37f180ee4a71eec4e74a4\image_2.jpg,Jeans
8662574e6137772a34f16b5885ae4311\image_2.jpg,Jeans
8662574e6137772a34f16b5885ae4311\image_3.jpg,Jeans
8662574e6137772a34f16b5885ae4311\image_5.jpg,Dress Shirt
866456a7310eb18003180d0abc49d100\image_1.jpg,Dress Shirt
866456a7310eb18003180d0abc49d100\image_2.jpg,Dress Shirt
8669dbe3868ea0c60ec22e22c7e6429a\image_1.jpg,Necktie
868db11d93119aafab0e42634220caf4\image_2.jpg,Miniskirt
86b01c12ad2714a0598b4efd0bbb89ec\image_2.jpg,Dress Shirt
86b01c12ad2714a0598b4efd0bbb89ec\image_4.jpg,Dress Shirt
86e34d6b645d22d7915d1ee6d198bdaf\image_1.jpg,Jeans
86e34d6b645d22d7915d1ee6d198bdaf\image_4.jpg,Dress Shirt
86e34d6b645d22d7915d1ee6d198bdaf\image_5.jpg,Dress Shirt
8731a085cf8a445e14b693d2608cb03b\image_1.jpg,Dress Shirt
877c1585a4709d5fcbb3f65eee5f5207\image_1.jpg,Jeans
877c1585a4709d5fcbb3f65eee5f5207\image_2.jpg,Evening Dress
877c1585a4709d5fcbb3f65eee5f5207\image_3.jpg,Jeans
877c1585a4709d5fcbb3f65eee5f5207\image_4.jpg,Jeans
8786badb0e231df9432627f0c924719a\image_1.jpg,Hoodie
8786badb0e231df9432627f0c924719a\image_2.jpg,Hoodie
8786badb0e231df9432627f0c924719a\image_3.jpg,Miniskirt
8786badb0e231df9432627f0c924719a\image_4.jpg,Miniskirt
8786badb0e231df9432627f0c924719a\image_5.jpg,Miniskirt
87a8a4610de8fc3addbed8eeaf559fbe\image_1.jpg,Dress Shirt
87a8a4610de8fc3addbed8eeaf559fbe\image_2.jpg,Dress Shirt
87a8a4610de8fc3addbed8eeaf559fbe\image_3.jpg,Overcoat
87a8a4610de8fc3addbed8eeaf559fbe\image_4.jpg,Dress Shirt
87d9cf7ff29692b39e659e08846c26dc\image_1.jpg,Dress Shirt
87d9cf7ff29692b39e659e08846c26dc\image_2.jpg,Dress Shirt
890f1117d128a5229db4fca83aa6e9ec\image_2.jpg,Overcoat
89917a8c25f50e13eb58c09c4bdfb416\image_1.jpg,Dress Shirt
89917a8c25f50e13eb58c09c4bdfb416\image_2.jpg,Dress Shirt
89d356eacb96e71b9af43a7cb203ffb2\image_1.jpg,Dress Shirt
89d356eacb96e71b9af43a7cb203ffb2\image_2.jpg,Dress Shirt
89d356eacb96e71b9af43a7cb203ffb2\image_4.jpg,Dress Shirt
89d6a82003590befe0128e7de6dc3e47\image_1.jpg,Evening Dress
8a741dd1cdd91489e8d6dba039936004\image_1.jpg,Overcoat
8a8b9ee8f8427202e2067ba63bf9e76c\image_1.jpg,Dress Shirt
8a8b9ee8f8427202e2067ba63bf9e76c\image_2.jpg,Dress Shirt
8a8b9ee8f8427202e2067ba63bf9e76c\image_4.jpg,Dress Shirt
8ad1c471a559969871cb055465099691\image_1.jpg,Evening Dress
8ad1c471a559969871cb055465099691\image_2.jpg,Evening Dress
8b226c8425c052dc3f9f87b91b4e3e88\image_1.jpg,Jeans
8b7a2a98ef20cf157d9a6727299f3bd0\image_2.jpg,Miniskirt
8bea882a3122c4586221f0e0db1e7f8b\image_1.jpg,Dress Shirt
8bea882a3122c4586221f0e0db1e7f8b\image_2.jpg,Dress Shirt
8bea882a3122c4586221f0e0db1e7f8b\image_3.jpg,Dress Shirt
8c557d3c7be945ef78c24d650e75c505\image_1.jpg,Overcoat
8c66a07bd0b05f133f2f129c42d39931\image_1.jpg,Kimono
8cb1572baa0a22bac0955e8744a93c70\image_1.jpg,Dress Shirt
8cb1572baa0a22bac0955e8744a93c70\image_2.jpg,Dress Shirt
8cdfe55b2946183743640e2402be6eeb\image_2.jpg,Jeans
8d03b08fe0b2b6eff611ecaa519e3d1e\image_1.jpg,Kimono
8d0fb8d7ea7b99ac599e0e358c02080a\image_2.jpg,Dress Shirt
8d0fb8d7ea7b99ac599e0e358c02080a\image_4.jpg,Dress Shirt
8dd7f653f31fc7e3c8db34fb548e462a\image_1.jpg,Dress Shirt
8dd7f653f31fc7e3c8db34fb548e462a\image_2.jpg,Dress Shirt
8df8547464d6ed5598505ee0859b0cb8\image_2.jpg,Evening Dress
8e77e491198448e172925ea7d4511bcb\image_1.jpg,Kimono
8e77e491198448e172925ea7d4511bcb\image_2.jpg,Kimono
8f0cb33d3665beeb10d0d5dc13442371\image_1.jpg,Dress Shirt
8f0cb33d3665beeb10d0d5dc13442371\image_2.jpg,Dress Shirt
8f3515195debaa657d694892e290c1c4\image_2.jpg,Evening Dress
8f53ea0b525cf6cf447cdccfa95f8716\image_2.jpg,Miniskirt
8f53ea0b525cf6cf447cdccfa95f8716\image_4.jpg,Dress Shirt
8f646f8407b6522783aa7cbbfab48eae\image_1.jpg,Evening Dress
8f646f8407b6522783aa7cbbfab48eae\image_2.jpg,Evening Dress
8f646f8407b6522783aa7cbbfab48eae\image_3.jpg,Evening Dress
8f646f8407b6522783aa7cbbfab48eae\image_4.jpg,Evening Dress
8febf4c3ea5d03d699ae75a25bb1dea2\image_1.jpg,Overcoat
903a914160803f388b58897c0d3db16c\image_3.jpg,Jeans
9052b2968026208a065413862b250f3b\image_1.jpg,Dress Shirt
9052b2968026208a065413862b250f3b\image_2.jpg,Dress Shirt
90692d0ee5c84a2ef307c13fa70b42dc\image_1.jpg,Overcoat
9091d016072d2330a65c3de0e1936d1d\image_1.jpg,Dress Shirt
9091d016072d2330a65c3de0e1936d1d\image_2.jpg,Dress Shirt
9091d016072d2330a65c3de0e1936d1d\image_3.jpg,Dress Shirt
909b1124a0008d1484f13fa6f296e13f\image_1.jpg,Raincoat
90df46f98b90f2aa8fc638dd3caaae5d\image_3.jpg,Kimono
912994a5f6bec34eb4f9ace560b7ff22\image_1.jpg,Dress Shirt
912994a5f6bec34eb4f9ace560b7ff22\image_2.jpg,Dress Shirt
913c9f93091eb49f344b8ab3f64335e8\image_2.jpg,Dress Shirt
913c9f93091eb49f344b8ab3f64335e8\image_3.jpg,Dress Shirt
914a4dd8eb2621ad5d3e23cadbeb99bf\image_3.jpg,Evening Dress
9162e77798b3e5de9ee08c22f7e0dac9\image_1.jpg,Jeans
9162e77798b3e5de9ee08c22f7e0dac9\image_2.jpg,Jeans
9243d1e70fdfa54b6139388589d4c616\image_2.jpg,Hoodie
92c0034253c1571c515e91534bd41053\image_1.jpg,Jeans
92c0034253c1571c515e91534bd41053\image_2.jpg,Jeans
92c0034253c1571c515e91534bd41053\image_3.jpg,Jeans
92eedae81d4ba86b1a7cf2da9ccf6d6d\image_1.jpg,Kimono
9333606ca7c46bfa9ed3ced3c851aaa4\image_1.jpg,Kimono
93a2cc44e5d4f7fed0b56134c2955136\image_1.jpg,Jeans
93a2cc44e5d4f7fed0b56134c2955136\image_2.jpg,Jeans
93a2cc44e5d4f7fed0b56134c2955136\image_3.jpg,Jeans
93a2cc44e5d4f7fed0b56134c2955136\image_4.jpg,Evening Dress
93ccfa6ef4a0c2e3fc2a9b31b9d17b7e\image_1.jpg,Necktie
942c10b89f1b9b489c6b4c797b3f082b\image_3.jpg,Jeans
95754f9521f51a95f70a3173dfa00b3a\image_1.jpg,Necktie
95b3edc7ba8736232145d37dedae692a\image_1.jpg,Dress Shirt
95f5bb2098bd7efce9bd45cbc2502f4d\image_3.jpg,Evening Dress
9631be9238e202862f40577dfe016bd4\image_4.jpg,Evening Dress
96a7c18a93271abd5964d3e316bbf409\image_1.jpg,Jeans
96a7c18a93271abd5964d3e316bbf409\image_3.jpg,Jeans
96f640ee5b2c71e0e460c39c7e9e4b3c\image_1.jpg,Overcoat
97f6dc2e28bd151edd1001faafa221ef\image_5.jpg,Dress Shirt
9800c93ac6d252a19ed629425c1dcc20\image_1.jpg,Evening Dress
9800c93ac6d252a19ed629425c1dcc20\image_2.jpg,Evening Dress
9849991f6cb17bb7f3eb1f6a0b587942\image_1.jpg,Jeans
9849991f6cb17bb7f3eb1f6a0b587942\image_2.jpg,Evening Dress
9849991f6cb17bb7f3eb1f6a0b587942\image_3.jpg,Jeans
989989520ab558eb1c08985a67812353\image_2.jpg,Evening Dress
98c77198a034ca1e5b54a582fb229864\image_3.jpg,Overcoat
98ebca6ab18b0dfe061b7099d1f60fab\image_1.jpg,Kimono
9938eb279aad0735376ba2a5a2b7a7ef\image_1.jpg,Raincoat
9938eb279aad0735376ba2a5a2b7a7ef\image_2.jpg,Raincoat
9988dc19d7347c42fe08d64a823fd63b\image_1.jpg,Dress Shirt
99b6b10be50eb1538029331b327ea24e\image_1.jpg,Dress Shirt
99b6b10be50eb1538029331b327ea24e\image_2.jpg,Dress Shirt
9a2f5df1d83172b218872242ecef0af4\image_1.jpg,Hoodie
9a3df0ccb330570cffa44a33639fdb29\image_1.jpg,Jeans
9ab2a79d1a91f0450bbf84ea65252aef\image_1.jpg,Miniskirt
9ab2a79d1a91f0450bbf84ea65252aef\image_4.jpg,Miniskirt
9b07e6c84ce1e8ad2261963072e2a722\image_1.jpg,Bracelet
9b20baa4fbeec7b80082734097a5b198\image_1.jpg,Kimono
9b8d18c27a56d516d958ed5e066c130b\image_1.jpg,Dress Shirt
9b8d18c27a56d516d958ed5e066c130b\image_2.jpg,Dress Shirt
9d1e8364ae535923a4d363955ad9893b\image_1.jpg,Dress Shirt
9d1e8364ae535923a4d363955ad9893b\image_2.jpg,Dress Shirt
9d5d5d0e1caa981cb0a2bc72070061c3\image_1.jpg,Dress Shirt
9d5d5d0e1caa981cb0a2bc72070061c3\image_2.jpg,Dress Shirt
9f4875a4fbf597810ebbdd820e74b5d6\image_1.jpg,Kimono
9f87742fe3b16d8ca7b743667ac0e2e2\image_1.jpg,Jeans
9f87742fe3b16d8ca7b743667ac0e2e2\image_2.jpg,Jeans
9f87742fe3b16d8ca7b743667ac0e2e2\image_3.jpg,Jeans
9fb7642f5a868d1b22f1bc56f59c7734\image_1.jpg,Jeans
9fb7642f5a868d1b22f1bc56f59c7734\image_2.jpg,Jeans
9fec4774ecca89a9cdb282bbd02ec633\image_1.jpg,Kimono
a05a339e99edebb8d251486b6e6d6868\image_2.jpg,Evening Dress
a05a339e99edebb8d251486b6e6d6868\image_4.jpg,Evening Dress
a1526fabed6e05538dc751467a4d2303\image_1.jpg,Dress Shirt
a1526fabed6e05538dc751467a4d2303\image_2.jpg,Dress Shirt
a1c1f368fa9c04df8d848b5e05a27fca\image_2.jpg,Miniskirt
a1c1f368fa9c04df8d848b5e05a27fca\image_3.jpg,Miniskirt
a1cd342bbcc80f0884961ec76d85dab5\image_1.jpg,Dress Shirt
a1cd342bbcc80f0884961ec76d85dab5\image_2.jpg,Dress Shirt
a1cd342bbcc80f0884961ec76d85dab5\image_3.jpg,Dress Shirt
a1de4795074c6e33f3300ce70773172a\image_1.jpg,Overcoat
a1de4795074c6e33f3300ce70773172a\image_3.jpg,Overcoat
a1f3b2f4497e3b5a12854a70f3d0b0c5\image_1.jpg,Dress Shirt
a1f3b2f4497e3b5a12854a70f3d0b0c5\image_2.jpg,Dress Shirt
a27416f9af3986b99224151dabd23029\image_1.jpg,Dress Shirt
a27416f9af3986b99224151dabd23029\image_2.jpg,Dress Shirt
a303f227e7bf1cd4bb836bf7e27002eb\image_3.jpg,Dress Shirt
a31abe8ea789e1dd095cf393766e73a3\image_3.jpg,Kimono
a36319f069cb13f2125af83a20d670d9\image_1.jpg,Evening Dress
a36319f069cb13f2125af83a20d670d9\image_2.jpg,Evening Dress
a36319f069cb13f2125af83a20d670d9\image_3.jpg,Kimono
a393581c17f3b13a2cb1ca1ab126ae89\image_3.jpg,Raincoat
a39d48f308025c068a4a692e3b5c623a\image_1.jpg,Dress Shirt
a39d48f308025c068a4a692e3b5c623a\image_2.jpg,Dress Shirt
a39d48f308025c068a4a692e3b5c623a\image_3.jpg,Dress Shirt
a3ab86054bbe63da47f5243d4541ae17\image_1.jpg,Dress Shirt
a3cffa2d84ac6e6807b3986bf2ee07c8\image_1.jpg,Jeans
a3cffa2d84ac6e6807b3986bf2ee07c8\image_2.jpg,Jeans
a3cffa2d84ac6e6807b3986bf2ee07c8\image_3.jpg,Jeans
a3d18ec2fc4ba1192e5c00dbcbb15c2b\image_2.jpg,Evening Dress
a3e56ecc2188efd9471bdc6fdef58a65\image_1.jpg,Dress Shirt
a3e56ecc2188efd9471bdc6fdef58a65\image_2.jpg,Dress Shirt
a3e8e89fa130f71d413cb22b7196ff43\image_1.jpg,Kimono
a3e8e89fa130f71d413cb22b7196ff43\image_3.jpg,Kimono
a410683898fe803f106480501b8453c7\image_3.jpg,Kimono
a4437bace47b4b344a0ee9574db16c8c\image_1.jpg,Necktie
a4437bace47b4b344a0ee9574db16c8c\image_4.jpg,Overcoat
a457e7913d7c663d3af8299d99e441fb\image_1.jpg,Jeans
a457e7913d7c663d3af8299d99e441fb\image_2.jpg,Jeans
a457e7913d7c663d3af8299d99e441fb\image_3.jpg,Jeans
a4746db8200cceb74ae0b17f3161f5f0\image_1.jpg,Dress Shirt
a4746db8200cceb74ae0b17f3161f5f0\image_2.jpg,Dress Shirt
a4746db8200cceb74ae0b17f3161f5f0\image_3.jpg,Dress Shirt
a4d06ab0856d33f5d2d1378b32fabff5\image_2.jpg,Jeans
a4d06ab0856d33f5d2d1378b32fabff5\image_3.jpg,Jeans
a504eac6f1de205d01f2c16bf975936f\image_1.jpg,Dress Shirt
a504eac6f1de205d01f2c16bf975936f\image_2.jpg,Dress Shirt
a50e53fbbd2ec6b30c4bf581ca13e884\image_1.jpg,Jeans
a50e53fbbd2ec6b30c4bf581ca13e884\image_2.jpg,Jeans
a65151e9704feb7c1aa028ad27002842\image_3.jpg,Dress Shirt
a65151e9704feb7c1aa028ad27002842\image_4.jpg,Dress Shirt
a67df1c189f9e4473f36d87804c33b27\image_1.jpg,Jeans
a67df1c189f9e4473f36d87804c33b27\image_2.jpg,Jeans
a67df1c189f9e4473f36d87804c33b27\image_3.jpg,Jeans
a6a0136141bae98b8eb272e4b5e73fa0\image_1.jpg,Necktie
a76b527a6b0134f457cec24a9b70eaf9\image_1.jpg,Dress Shirt
a76b527a6b0134f457cec24a9b70eaf9\image_3.jpg,Dress Shirt
a7c1421dddd13f6f5b8752775c8bb63b\image_2.jpg,Dress Shirt
a7c1421dddd13f6f5b8752775c8bb63b\image_4.jpg,Dress Shirt
a7c1421dddd13f6f5b8752775c8bb63b\image_5.jpg,Dress Shirt
a7f545853f73bae60b0523bbcc363bc3\image_1.jpg,Dress Shirt
a81211086572b5d4edbfc7b640723868\image_1.jpg,Dress Shirt
a81211086572b5d4edbfc7b640723868\image_2.jpg,Dress Shirt
a858cfeaad4aa9ba0a0ce1135dabfb1b\image_3.jpg,Kimono
a8b521591483fb80c0dab8383338f805\image_2.jpg,Miniskirt
a9088870e9cccd91912cbf3264f99c17\image_2.jpg,Jeans
a91c9b27b7c3d701eee19f787df2b1ba\image_1.jpg,Dress Shirt
a93c79f6c39b3dab9c7759494b20c2ed\image_1.jpg,Dress Shirt
a93c79f6c39b3dab9c7759494b20c2ed\image_2.jpg,Dress Shirt
a9436828effa1de9a2d927a1307f61ed\image_1.jpg,Handbag
a9662b4f3c246614d6d7d19b1889c699\image_1.jpg,Jeans
a9662b4f3c246614d6d7d19b1889c699\image_2.jpg,Jeans
a97a939a3040a46dd1be2c22ed78a5bd\image_1.jpg,Jeans
a97a939a3040a46dd1be2c22ed78a5bd\image_2.jpg,Jeans
a983748ec27f11cfb6598772834cf627\image_1.jpg,Dress Shirt
a9f57a3fb15c90602aa3b26f21cb57f9\image_3.jpg,Dress Shirt
a9f57a3fb15c90602aa3b26f21cb57f9\image_5.jpg,Dress Shirt
a9fe631d62bc0c622db1146bcec6e2ea\image_1.jpg,Jeans
aa1823edcec44ff6313a3c8ee32e9c7b\image_1.jpg,Necktie
aa1823edcec44ff6313a3c8ee32e9c7b\image_2.jpg,Necktie
aa1823edcec44ff6313a3c8ee32e9c7b\image_3.jpg,Necktie
aa1823edcec44ff6313a3c8ee32e9c7b\image_4.jpg,Necktie
aa86776af342a46611d4a46e03953517\image_1.jpg,Kimono
aaa7ba098ce2b5a5eb1a2de3a0fa8a99\image_1.jpg,Dress Shirt
aae8df4337515a3ab05ab0b53b1e83c1\image_1.jpg,Dress Shirt
aae8df4337515a3ab05ab0b53b1e83c1\image_2.jpg,Dress Shirt
aafe615f031528c8b799233b990609ad\image_1.jpg,Necktie
aafe615f031528c8b799233b990609ad\image_2.jpg,Necktie
ab0146042e654c406512fc4d79e91096\image_1.jpg,Evening Dress
ab0146042e654c406512fc4d79e91096\image_4.jpg,Evening Dress
ab17523efc43f90281fd445762161af7\image_1.jpg,Jeans
ab17523efc43f90281fd445762161af7\image_2.jpg,Jeans
ab17523efc43f90281fd445762161af7\image_3.jpg,Jeans
ac641da4d6b0efeb95d314d62f86d1b1\image_1.jpg,Overcoat
ac9b1e8a48bd400438f124c0a25a3997\image_1.jpg,Dress Shirt
ac9b1e8a48bd400438f124c0a25a3997\image_2.jpg,Dress Shirt
ac9b1e8a48bd400438f124c0a25a3997\image_3.jpg,Dress Shirt
acf232d163f084ff73cd87b062af0b77\image_2.jpg,Evening Dress
ad643be3b19ad6845e7528b5961b397d\image_2.jpg,Kimono
ad643be3b19ad6845e7528b5961b397d\image_4.jpg,Kimono
adb0347e7cd9e1846a3e9f17282ddb57\image_1.jpg,Overcoat
adc40124b1594360dd5c2e2e5dd8e8a6\image_1.jpg,Kimono
adde3bbd06784817b8b8880028c78bbd\image_3.jpg,Jeans
aea3243be7464f2f09d7f0bfbe573aad\image_1.jpg,Kimono
aeae29bcaab2416028406227e40138d8\image_1.jpg,Jeans
aeae29bcaab2416028406227e40138d8\image_2.jpg,Jeans
aeae29bcaab2416028406227e40138d8\image_3.jpg,Jeans
aee5f7107fdb6ace2e3295e5ed18731a\image_1.jpg,Kimono
aef79448a04c09c383ad5c7df1bc5ba0\image_1.jpg,Kimono
af1ec2cd512c5c40ff15295bb8d786cf\image_1.jpg,Dress Shirt
af1ec2cd512c5c40ff15295bb8d786cf\image_2.jpg,Dress Shirt
af697b511cfb5be1960edfbc3fe79765\image_4.jpg,Evening Dress
afe2adb273c5ab0c73f3c7d857094835\image_2.jpg,Evening Dress
afe2adb273c5ab0c73f3c7d857094835\image_3.jpg,Evening Dress
afe778076223a5d151fa7d3f7c9c4239\image_1.jpg,Necktie
afe778076223a5d151fa7d3f7c9c4239\image_2.jpg,Jeans
afe778076223a5d151fa7d3f7c9c4239\image_5.jpg,Evening Dress
b02b8c8b20e6214f1abba593eb71ea77\image_1.jpg,Dress Shirt
b02b8c8b20e6214f1abba593eb71ea77\image_2.jpg,Dress Shirt
b074f78e492d6030a2de372a4c9ec3a6\image_1.jpg,Hoodie
b074f78e492d6030a2de372a4c9ec3a6\image_2.jpg,Hoodie
b0c05340ed4b8bb900d2a4203b10f132\image_1.jpg,Dress Shirt
b0c05340ed4b8bb900d2a4203b10f132\image_2.jpg,Dress Shirt
b0c05340ed4b8bb900d2a4203b10f132\image_3.jpg,Necktie
b0ee10ca3e78a9632baee0dff312b744\image_1.jpg,Jeans
b0ee10ca3e78a9632baee0dff312b744\image_2.jpg,Jeans
b12dd71b89c28c6348f1d3dc5a3e794b\image_2.jpg,Jeans
b1f305e9b53c1fe06d3fbaa4953c0e45\image_2.jpg,Evening Dress
b23c19b1b7fd0f2cfa9db3966d852f10\image_3.jpg,Evening Dress
b28b99cd4b146f198a1f85a0b0d64154\image_1.jpg,Raincoat
b28b99cd4b146f198a1f85a0b0d64154\image_2.jpg,Raincoat
b3027ad8735900671f8478eb44e80765\image_2.jpg,Jeans
b3311bb43720a22c82050cd11767f942\image_2.jpg,Miniskirt
b3e54df34bd40b94d4370d129929b781\image_2.jpg,Jeans
b44db082f02e0a6a44eb418ccc5c1dad\image_1.jpg,Raincoat
b4815bb7fb3c7c347f84a570608a99d5\image_3.jpg,Kimono
b4a512b23dd3b10b5d76e9e307938dfe\image_2.jpg,Evening Dress
b54de98312b887cd99806b7681aedaf2\image_1.jpg,Dress Shirt
b54de98312b887cd99806b7681aedaf2\image_2.jpg,Dress Shirt
b54de98312b887cd99806b7681aedaf2\image_4.jpg,Dress Shirt
b54de98312b887cd99806b7681aedaf2\image_5.jpg,Dress Shirt
b55d2a870d4dc085a7a808234a4f6130\image_1.jpg,Miniskirt
b55d2a870d4dc085a7a808234a4f6130\image_2.jpg,Miniskirt
b55d2a870d4dc085a7a808234a4f6130\image_3.jpg,Miniskirt
b55d2a870d4dc085a7a808234a4f6130\image_4.jpg,Miniskirt
b58d2799e44be1db485b4f50a95e8f07\image_1.jpg,Jeans
b5a5519bee142e8ad3a5bd91c81d962c\image_1.jpg,Necktie
b5a5a3be13edc0f1f76997a064d2d768\image_1.jpg,Necktie
b5a5a3be13edc0f1f76997a064d2d768\image_2.jpg,Necktie
b5a5a3be13edc0f1f76997a064d2d768\image_3.jpg,Necktie
b5a5a3be13edc0f1f76997a064d2d768\image_4.jpg,Necktie
b6b00e5cc2e36dc96c9776314facdf6b\image_1.jpg,Evening Dress
b6b00e5cc2e36dc96c9776314facdf6b\image_2.jpg,Evening Dress
b7edf5addab1f92eb27bb4c03a4c4b6d\image_1.jpg,Evening Dress
b7edf5addab1f92eb27bb4c03a4c4b6d\image_2.jpg,Evening Dress
b7edf5addab1f92eb27bb4c03a4c4b6d\image_3.jpg,Kimono
b8a043950e597fe144f3cc1f2dc5abe1\image_1.jpg,Overcoat
b9aa37e27fa9db1844450c049366299b\image_1.jpg,Dress Shirt
b9d325606931ebf56816118f2c005494\image_1.jpg,Hoodie
b9d325606931ebf56816118f2c005494\image_2.jpg,Hoodie
ba1c47cb64d969d5f6b4855e436b3a5c\image_1.jpg,Jeans
ba1c47cb64d969d5f6b4855e436b3a5c\image_3.jpg,Jeans
bac2d4703f1886ba6f8feefcd0e7dfd0\image_1.jpg,Jeans
bac2d4703f1886ba6f8feefcd0e7dfd0\image_2.jpg,Jeans
bad3824cd98e136c2832b3a326ddd188\image_1.jpg,Kimono
bbca3f0ff0ad056cee4727d7e386cb8c\image_1.jpg,Dress Shirt
bbca3f0ff0ad056cee4727d7e386cb8c\image_2.jpg,Dress Shirt
bbe644dc258baa1c32e22b6602c922f4\image_2.jpg,Evening Dress
bbe644dc258baa1c32e22b6602c922f4\image_3.jpg,Evening Dress
bc60217fe37ad50efeab3a1dc37c715b\image_1.jpg,Kimono
bc60217fe37ad50efeab3a1dc37c715b\image_2.jpg,Kimono
bc72fb5a03250e02719988e981275ae3\image_1.jpg,Dress Shirt
bc72fb5a03250e02719988e981275ae3\image_2.jpg,Dress Shirt
bd21a3cf6170084d8d14c7d00e934eda\image_2.jpg,Dress Shirt
bde7ce7e3c5db064591c32245da4ac0b\image_1.jpg,Necktie
be018a151cf1557f1ff1a5cb2e5f3684\image_1.jpg,Overcoat
be52bdafd90fd2a15421a0510d1819d3\image_3.jpg,Dress Shirt
be52bdafd90fd2a15421a0510d1819d3\image_4.jpg,Dress Shirt
be52bdafd90fd2a15421a0510d1819d3\image_5.jpg,Dress Shirt
be91e7820cd6b7b7c3f4cb274e7f5ee1\image_2.jpg,Miniskirt
be9428cbaf3e2890721d39d6ec0ca33f\image_1.jpg,Dress Shirt
be9428cbaf3e2890721d39d6ec0ca33f\image_2.jpg,Dress Shirt
be9428cbaf3e2890721d39d6ec0ca33f\image_3.jpg,Dress Shirt
be9428cbaf3e2890721d39d6ec0ca33f\image_4.jpg,Dress Shirt
be9428cbaf3e2890721d39d6ec0ca33f\image_5.jpg,Dress Shirt
be97d3b449bf448e51f80a3e314c3d31\image_2.jpg,Evening Dress
be97d3b449bf448e51f80a3e314c3d31\image_4.jpg,Evening Dress
be97d3b449bf448e51f80a3e314c3d31\image_6.jpg,Evening Dress
be9c98181ad4602b896a26456753f8fc\image_1.jpg,Hoodie
be9c98181ad4602b896a26456753f8fc\image_2.jpg,Hoodie
bee72848758704ceb94c76f434534389\image_2.jpg,Dress Shirt
bee72848758704ceb94c76f434534389\image_3.jpg,Dress Shirt
bee72848758704ceb94c76f434534389\image_4.jpg,Dress Shirt
befdff578ee3cec429050253e7966469\image_1.jpg,Evening Dress
bf231b0e11a2b4d1b59713ed0c0af9e6\image_1.jpg,Dress Shirt
bf231b0e11a2b4d1b59713ed0c0af9e6\image_2.jpg,Dress Shirt
bf8470f0c2515447cb053cc238560638\image_1.jpg,Dress Shirt
bf8470f0c2515447cb053cc238560638\image_2.jpg,Dress Shirt
bf8470f0c2515447cb053cc238560638\image_4.jpg,Dress Shirt
bff67d4fc90735bf655d876e34391831\image_3.jpg,Kimono
c0123dc8f861d1c4166310a404fb2bfa\image_1.jpg,Dress Shirt
c0123dc8f861d1c4166310a404fb2bfa\image_2.jpg,Dress Shirt
c01c3ef43e0a6078456b81621e7f6d3c\image_1.jpg,Hoodie
c02be61729ddeb7daaf08d37b43e0a31\image_4.jpg,Kimono
c0609775341225ef74baf4be6566ec59\image_3.jpg,Overcoat
c1bcdcfd17b46b7d5d6016bad112d7e7\image_1.jpg,Kimono
c1cad64c74c7fd802ca9220109426f7e\image_1.jpg,Dress Shirt
c1cad64c74c7fd802ca9220109426f7e\image_2.jpg,Dress Shirt
c1cad64c74c7fd802ca9220109426f7e\image_3.jpg,Jeans
c1cad64c74c7fd802ca9220109426f7e\image_7.jpg,Dress Shirt
c1cad64c74c7fd802ca9220109426f7e\image_8.jpg,Dress Shirt
c1dcc50efb3e0bcda326fa0e9f0c338b\image_1.jpg,Kimono
c1e979330a2aef0789ce74d9bec09b1d\image_1.jpg,Dress Shirt
c1e979330a2aef0789ce74d9bec09b1d\image_2.jpg,Dress Shirt
c2179ca34e2dbe8af2dee2aad8f01ebe\image_1.jpg,Necktie
c22a6f9763112d94c3acfd3785b7b0d0\image_4.jpg,Evening Dress
c2ae1be3bccc5554f5f399f3a6568601\image_1.jpg,Dress Shirt
c2ae1be3bccc5554f5f399f3a6568601\image_2.jpg,Dress Shirt
c2ae1be3bccc5554f5f399f3a6568601\image_3.jpg,Dress Shirt
c2c7a99c3ec3af9745da9c94920223b6\image_1.jpg,Jeans
c2c7a99c3ec3af9745da9c94920223b6\image_2.jpg,Jeans
c2d3ec7f5cf2b59d80dec3ac3009a1e5\image_3.jpg,Dress Shirt
c3043435f29981922600fe7503667228\image_1.jpg,Dress Shirt
c3043435f29981922600fe7503667228\image_2.jpg,Dress Shirt
c3c5c1c74c9aaafbb155faebedc3a574\image_1.jpg,Handbag
c4ad38d89b5bfadee0f479795d13d0c1\image_1.jpg,Jeans
c4ad38d89b5bfadee0f479795d13d0c1\image_2.jpg,Jeans
c5342267f6ac7badd370d3114a54da4a\image_1.jpg,Jeans
c5342267f6ac7badd370d3114a54da4a\image_2.jpg,Jeans
c5342267f6ac7badd370d3114a54da4a\image_3.jpg,Jeans
c589c5c6d5e0e741e220f45e6a5855bb\image_3.jpg,Evening Dress
c5ea12106d62809f7baa57ba551652cb\image_1.jpg,Evening Dress
c5ea12106d62809f7baa57ba551652cb\image_2.jpg,Evening Dress
c5f9b27808496c9b657e801f935216f0\image_1.jpg,Dress Shirt
c5f9b27808496c9b657e801f935216f0\image_2.jpg,Dress Shirt
c607bfd1fd220808ca6b859f634c72aa\image_1.jpg,Dress Shirt
c607bfd1fd220808ca6b859f634c72aa\image_2.jpg,Dress Shirt
c607bfd1fd220808ca6b859f634c72aa\image_3.jpg,Dress Shirt
c60be0b5ae1ca9b92da95e667bf7aca6\image_1.jpg,Evening Dress
c63d5216318bff894d58c23322fa4acd\image_1.jpg,Jeans
c63d5216318bff894d58c23322fa4acd\image_2.jpg,Jeans
c63d5216318bff894d58c23322fa4acd\image_3.jpg,Jeans
c63d5216318bff894d58c23322fa4acd\image_4.jpg,Dress Shirt
c6794ea9192e4e23fd7b86e5d49ec851\image_3.jpg,Overcoat
c6a09ada04838aa151d0bca907e26254\image_4.jpg,Evening Dress
c6b3b6be57007f9f1bd1f013d6ca0b16\image_1.jpg,Necktie
c717959fbc7a1eb4cbaf7037e910628b\image_1.jpg,Dress Shirt
c717959fbc7a1eb4cbaf7037e910628b\image_2.jpg,Dress Shirt
c7b20a62b87eea1ae2970261cae48639\image_3.jpg,Raincoat
c7cc39767f86f9a0916307e377427d27\image_1.jpg,Dress Shirt
c7cc39767f86f9a0916307e377427d27\image_2.jpg,Dress Shirt
c7cdf63a84572f761d455ee7ec91c3dc\image_3.jpg,Jeans
c7cdf63a84572f761d455ee7ec91c3dc\image_5.jpg,Overcoat
c7df2527f602bb5b5bda3ad44a00735c\image_1.jpg,Jeans
c7df2527f602bb5b5bda3ad44a00735c\image_2.jpg,Jeans
c7e5303c8f4cdf9d88c0287b8b88b8a8\image_1.jpg,Dress Shirt
c7e5303c8f4cdf9d88c0287b8b88b8a8\image_2.jpg,Dress Shirt
c80e35c86c10784cab2f2421eb722421\image_3.jpg,Kimono
c823fa821d3011f60476479cb599d158\image_1.jpg,Jeans
c823fa821d3011f60476479cb599d158\image_2.jpg,Jeans
c829cd17a54bea10a8efd4e6ec8ca181\image_1.jpg,Kimono
c85c9a2507df0189aceb00e747bbb78e\image_1.jpg,Jeans
c85c9a2507df0189aceb00e747bbb78e\image_2.jpg,Jeans
c85c9a2507df0189aceb00e747bbb78e\image_3.jpg,Jeans
c87e6752850ec81ba81dffa6f85455bc\image_2.jpg,Evening Dress
c87e6752850ec81ba81dffa6f85455bc\image_3.jpg,Evening Dress
c8d09ade9502384cf0d33936fd086019\image_1.jpg,Evening Dress
c8d09ade9502384cf0d33936fd086019\image_3.jpg,Kimono
c8f49d1698939f386a47ddaefedc8df2\image_1.jpg,Kimono
c91d1a35afedf43a24f92eac71b0ff05\image_1.jpg,Dress Shirt
c91d1a35afedf43a24f92eac71b0ff05\image_2.jpg,Dress Shirt
c91d1a35afedf43a24f92eac71b0ff05\image_4.jpg,Dress Shirt
c941b5b51349bca778f57c3964d0554d\image_1.jpg,Dress Shirt
c952fb45aeec94214cc4daffed5f2d28\image_3.jpg,Kimono
c98a50f170b97ac958a5f01c79e5ea3f\image_1.jpg,Evening Dress
c98a50f170b97ac958a5f01c79e5ea3f\image_3.jpg,Jeans
c98a50f170b97ac958a5f01c79e5ea3f\image_4.jpg,Jeans
ca141fe6d431337ee25c443c536e0950\image_3.jpg,Overcoat
cab68deac189d08720fef37b5c338737\image_1.jpg,Miniskirt
cab68deac189d08720fef37b5c338737\image_2.jpg,Miniskirt
caca041dc2c239c14dbd276b365a26a2\image_2.jpg,Miniskirt
caca041dc2c239c14dbd276b365a26a2\image_3.jpg,Miniskirt
cb01ca3ddfc770244a129f143b98c8a5\image_3.jpg,Jeans
cb151b052674440f3d7aef0b1e20789f\image_1.jpg,Evening Dress
cb2846829bada81039809423de6b9530\image_2.jpg,Miniskirt
cbde1457b5ca85ad3b1b3e47e154200d\image_2.jpg,Dress Shirt
cbde1457b5ca85ad3b1b3e47e154200d\image_3.jpg,Dress Shirt
cc62237dd12304e177b6ab3f4d4ad235\image_1.jpg,Dress Shirt
cd2a7402693809dd3c95022d62e59384\image_4.jpg,Dress Shirt
cd2a7402693809dd3c95022d62e59384\image_5.jpg,Overcoat
cd72cab56480ba3feebb8aa1265bf85f\image_1.jpg,Overcoat
cd733c8546efd70177c06d3303cce6ac\image_4.jpg,Kimono
cd733c8546efd70177c06d3303cce6ac\image_5.jpg,Kimono
ce417328c13e0429894eae09d9aea762\image_1.jpg,Jeans
ce417328c13e0429894eae09d9aea762\image_2.jpg,Jeans
ce84180a50a28d719a56d5f0064a75c4\image_1.jpg,Miniskirt
ce84180a50a28d719a56d5f0064a75c4\image_2.jpg,Miniskirt
ce84180a50a28d719a56d5f0064a75c4\image_4.jpg,Hoodie
cea64915a912a64729d950303facc745\image_2.jpg,Jeans
cecbdfaf88c2b0a4e92b00ab1f0a2a3e\image_1.jpg,Dress Shirt
cecbdfaf88c2b0a4e92b00ab1f0a2a3e\image_2.jpg,Dress Shirt
cf0be991f4d5b0d8ca6db7e195d120f1\image_2.jpg,Jeans
cf3607e07a1f644c2036a0785279295f\image_4.jpg,Miniskirt
cf3607e07a1f644c2036a0785279295f\image_5.jpg,Miniskirt
cf4277451c4d9f96a0cdffabd87ce356\image_1.jpg,Kimono
cf50d07af6150d812947a62b475583ad\image_2.jpg,Jeans
cf51a41355a79907913bee6aead2186e\image_1.jpg,Jeans
cf7d238dadff5af0e01f922126271184\image_3.jpg,Kimono
cf8d1aa1c926ea028c3b4507cfc501ce\image_1.jpg,Miniskirt
cf8d1aa1c926ea028c3b4507cfc501ce\image_2.jpg,Miniskirt
cf8d1aa1c926ea028c3b4507cfc501ce\image_3.jpg,Miniskirt
cf8d1aa1c926ea028c3b4507cfc501ce\image_4.jpg,Miniskirt
cf958dcca599530291045f6d55f9c894\image_4.jpg,Evening Dress
cf958dcca599530291045f6d55f9c894\image_5.jpg,Evening Dress
d00274d86629445c291894d3a9edc819\image_1.jpg,Handbag
d014244b46c4d16b6bf404195349712a\image_1.jpg,Dress Shirt
d014244b46c4d16b6bf404195349712a\image_2.jpg,Dress Shirt
d025f2585189022a457eb39180dde82d\image_1.jpg,Jeans
d045ba39cfb5f7a2bd55b3f4e1bf83e9\image_1.jpg,Necktie
d045ba39cfb5f7a2bd55b3f4e1bf83e9\image_2.jpg,Necktie
d045ba39cfb5f7a2bd55b3f4e1bf83e9\image_3.jpg,Necktie
d045ba39cfb5f7a2bd55b3f4e1bf83e9\image_4.jpg,Necktie
d04642ebcdfcc6107bf8b16cca3a27a1\image_2.jpg,Miniskirt
d0697f95d83d5c467c1910fa3fa5b2cc\image_2.jpg,Jeans
d09dc1afc91f1d8c3bdfc2413f618951\image_1.jpg,Evening Dress
d0ba26c4e7d9aaefc31f586374d59490\image_2.jpg,Jeans
d0ba26c4e7d9aaefc31f586374d59490\image_3.jpg,Jeans
d110f0a8f704517c471a9a78b9fb0aed\image_2.jpg,Dress Shirt
d110f0a8f704517c471a9a78b9fb0aed\image_3.jpg,Dress Shirt
d110f0a8f704517c471a9a78b9fb0aed\image_4.jpg,Dress Shirt
d12a68f935da415aab19586a8b4fab41\image_1.jpg,Dress Shirt
d12a68f935da415aab19586a8b4fab41\image_3.jpg,Dress Shirt
d199937203b47142e18ed34e819c6853\image_1.jpg,Kimono
d199937203b47142e18ed34e819c6853\image_2.jpg,Kimono
d1e006a1b0b53be4fdef976c60a53081\image_1.jpg,Dress Shirt
d1e006a1b0b53be4fdef976c60a53081\image_3.jpg,Dress Shirt
d1e006a1b0b53be4fdef976c60a53081\image_4.jpg,Overcoat
d2bc71e6633faf3dcfe9f51e9662f502\image_2.jpg,Jeans
d2f066cfaad3078514b0b12bc1a1d54f\image_2.jpg,Necktie
d34cbe56564b17a441cef907ec9748e0\image_1.jpg,Jeans
d34cbe56564b17a441cef907ec9748e0\image_2.jpg,Jeans
d34cbe56564b17a441cef907ec9748e0\image_3.jpg,Jeans
d3735edc9eda971de90128a486152be4\image_3.jpg,Raincoat
d37d64a59fb82bfe90fbcfc292b17801\image_3.jpg,Overcoat
d3a219d42dd1d543ba9a048e924d57ad\image_1.jpg,Dress Shirt
d3a219d42dd1d543ba9a048e924d57ad\image_2.jpg,Dress Shirt
d3f9642c6707ba7d16d575b88002a73a\image_4.jpg,Necktie
d401939a087fc019d359b5ee89fe1a3e\image_4.jpg,Jeans
d490b8d60377185140f3e31eef016e3f\image_1.jpg,Evening Dress
d490b8d60377185140f3e31eef016e3f\image_3.jpg,Evening Dress
d490b8d60377185140f3e31eef016e3f\image_4.jpg,Kimono
d4c1a7683321fcece5868288838e9992\image_1.jpg,Necktie
d4d93c370e6c6df7c344663ae4b00113\image_1.jpg,Evening Dress
d5d87b8c732e146cfc3d62c0fb9b1192\image_1.jpg,Dress Shirt
d5d87b8c732e146cfc3d62c0fb9b1192\image_2.jpg,Dress Shirt
d64db561bbc2c17bed3ca09451b4404a\image_3.jpg,Kimono
d68fe6e706a016ae0bcdfa65dc3f4b4d\image_1.jpg,Jeans
d774194000fd5b1469cd57b4c02d2ab8\image_1.jpg,Dress Shirt
d774194000fd5b1469cd57b4c02d2ab8\image_2.jpg,Dress Shirt
d774194000fd5b1469cd57b4c02d2ab8\image_3.jpg,Jeans
d774194000fd5b1469cd57b4c02d2ab8\image_4.jpg,Dress Shirt
d774194000fd5b1469cd57b4c02d2ab8\image_6.jpg,Dress Shirt
d7d70059f50f988559ceb3bd70269625\image_1.jpg,Dress Shirt
d7d70059f50f988559ceb3bd70269625\image_2.jpg,Dress Shirt
d7d70059f50f988559ceb3bd70269625\image_3.jpg,Dress Shirt
d7eebe268971770f09292e60eaa81a72\image_1.jpg,Dress Shirt
d7eebe268971770f09292e60eaa81a72\image_2.jpg,Dress Shirt
d82740c2bcf088c717545780d707b4bd\image_1.jpg,Jeans
d8521056cfdaeea1a509519bad0ab9f2\image_1.jpg,Dress Shirt
d8521056cfdaeea1a509519bad0ab9f2\image_2.jpg,Dress Shirt
d860b9bae886a0f92f456ef70536318a\image_1.jpg,Dress Shirt
d860b9bae886a0f92f456ef70536318a\image_2.jpg,Dress Shirt
d860b9bae886a0f92f456ef70536318a\image_3.jpg,Dress Shirt
d86b00dc083f780490f8d4b516b27a1d\image_1.jpg,Dress Shirt
d86b00dc083f780490f8d4b516b27a1d\image_2.jpg,Dress Shirt
d870282f67f8f3479375b95f1f6d3494\image_1.jpg,Dress Shirt
d870282f67f8f3479375b95f1f6d3494\image_2.jpg,Dress Shirt
d897da1a5d992153b5fb226065f4a6ba\image_1.jpg,Dress Shirt
d897da1a5d992153b5fb226065f4a6ba\image_2.jpg,Dress Shirt
d897da1a5d992153b5fb226065f4a6ba\image_3.jpg,Dress Shirt
d8e9f146f7a887fb7fc4e736d822b5da\image_1.jpg,Dress Shirt
d8e9f146f7a887fb7fc4e736d822b5da\image_2.jpg,Dress Shirt
d8fda9313d4ff00a215912628be165a0\image_2.jpg,Evening Dress
d8fda9313d4ff00a215912628be165a0\image_4.jpg,Kimono
da1684c02e26b5f44f48065c658bcd56\image_1.jpg,Dress Shirt
da1684c02e26b5f44f48065c658bcd56\image_2.jpg,Dress Shirt
da1df751d615b77a06791ad9f2ad7b08\image_1.jpg,Handbag
da36456b166caf9044d916b50eedf132\image_1.jpg,Dress Shirt
da36456b166caf9044d916b50eedf132\image_2.jpg,Dress Shirt
da63810a980d43ea930ec7c092036f2a\image_1.jpg,Evening Dress
db65d80f259275da91cc0db442ae4bd5\image_2.jpg,Necktie
db718b7939e02c0b9b6d3430e1fb7507\image_1.jpg,Dress Shirt
db718b7939e02c0b9b6d3430e1fb7507\image_2.jpg,Dress Shirt
db7761e3409921a1f37cf4ca348e97df\image_1.jpg,Jeans
db7761e3409921a1f37cf4ca348e97df\image_2.jpg,Jeans
db8f8c6bfd1da79cd5e8fa98edf1e71a\image_2.jpg,Jeans
db8f8c6bfd1da79cd5e8fa98edf1e71a\image_3.jpg,Jeans
dba33123d88342cfd8d3368facb7c902\image_1.jpg,Evening Dress
dbdf1da62e60554c674cadecc8fef63d\image_2.jpg,Jeans
dbdf1da62e60554c674cadecc8fef63d\image_3.jpg,Jeans
dbe5735f1f2ff81c04b77e4d934c5b4e\image_2.jpg,Dress Shirt
dbe5735f1f2ff81c04b77e4d934c5b4e\image_4.jpg,Dress Shirt
dbe921315e231dfab08831d96551c12f\image_1.jpg,Kimono
dc240f5cf459d33a1e1343a11f0e180c\image_1.jpg,Overcoat
dc382c9cd89e55dac0d756ed23751ca7\image_1.jpg,Lab Coat
dc5a0ed04bbff8b88baaf1d023b9de38\image_2.jpg,Jeans
dc5a0ed04bbff8b88baaf1d023b9de38\image_3.jpg,Overcoat
dc5a0ed04bbff8b88baaf1d023b9de38\image_4.jpg,Overcoat
dc79b7188101beae6d04f0a341cf6d92\image_1.jpg,Overcoat
dca2e82166f21d2eb4efc8eb8da798e6\image_1.jpg,Overcoat
dcf94b08da1fefaa91c9fa872d1cdd61\image_3.jpg,Kimono
dd66aa1de51237cdc0c1b16df0799613\image_2.jpg,Jeans
dd66aa1de51237cdc0c1b16df0799613\image_3.jpg,Jeans
dd66aa1de51237cdc0c1b16df0799613\image_4.jpg,Jeans
de08ee1f46c4ff832cbcf3a88615b210\image_1.jpg,Dress Shirt
de08ee1f46c4ff832cbcf3a88615b210\image_2.jpg,Dress Shirt
de08ee1f46c4ff832cbcf3a88615b210\image_3.jpg,Dress Shirt
de08ee1f46c4ff832cbcf3a88615b210\image_4.jpg,Dress Shirt
deb045d180a68f6939a1f24a1d9faf1c\image_1.jpg,Miniskirt
deb045d180a68f6939a1f24a1d9faf1c\image_2.jpg,Miniskirt
df0f6121bb8a003fbd40b83497d0694d\image_2.jpg,Lab Coat
df0f6121bb8a003fbd40b83497d0694d\image_3.jpg,Lab Coat
df0f6121bb8a003fbd40b83497d0694d\image_4.jpg,Lab Coat
df5c38d1bea9fe30fc42c097f91aa993\image_1.jpg,Dress Shirt
df5c38d1bea9fe30fc42c097f91aa993\image_2.jpg,Dress Shirt
dfb27f99e2d5e5e8e43d075d0c62ce27\image_1.jpg,Jeans
dfb27f99e2d5e5e8e43d075d0c62ce27\image_3.jpg,Jeans
dfc36d68b0bf05d21c6312abf9016ddd\image_1.jpg,Jeans
dfc36d68b0bf05d21c6312abf9016ddd\image_2.jpg,Jeans
dfd49deaca764c47922dfc67e9a523f7\image_1.jpg,Dress Shirt
dfd49deaca764c47922dfc67e9a523f7\image_2.jpg,Dress Shirt
dfd49deaca764c47922dfc67e9a523f7\image_5.jpg,Dress Shirt
dfd49deaca764c47922dfc67e9a523f7\image_7.jpg,Dress Shirt
dfd49deaca764c47922dfc67e9a523f7\image_8.jpg,Dress Shirt
e043ca198c06b26e9d0afc897d01b68b\image_1.jpg,Jeans
e0580d3511677a7f955666a0b6c07733\image_2.jpg,Dress Shirt
e0580d3511677a7f955666a0b6c07733\image_3.jpg,Dress Shirt
e0580d3511677a7f955666a0b6c07733\image_4.jpg,Dress Shirt
e07628688e9fa594d775d20fc8c6c5e2\image_1.jpg,Jeans
e07628688e9fa594d775d20fc8c6c5e2\image_2.jpg,Jeans
e07628688e9fa594d775d20fc8c6c5e2\image_3.jpg,Jeans
e08fe1f2c95a4bc7b5cb5be062ba149d\image_1.jpg,Necktie
e08fe1f2c95a4bc7b5cb5be062ba149d\image_2.jpg,Necktie
e08fe1f2c95a4bc7b5cb5be062ba149d\image_3.jpg,Necktie
e08fe1f2c95a4bc7b5cb5be062ba149d\image_4.jpg,Necktie
e090000ca72343c4288827a9b743fdef\image_1.jpg,Dress Shirt
e090000ca72343c4288827a9b743fdef\image_2.jpg,Dress Shirt
e090000ca72343c4288827a9b743fdef\image_3.jpg,Dress Shirt
e090000ca72343c4288827a9b743fdef\image_4.jpg,Dress Shirt
e0a1f246d9afe36a911bab66dc21d757\image_1.jpg,Evening Dress
e0c114242045cd943cd3854d884a3ce1\image_1.jpg,Dress Shirt
e0c114242045cd943cd3854d884a3ce1\image_2.jpg,Dress Shirt
e0c114242045cd943cd3854d884a3ce1\image_3.jpg,Dress Shirt
e0e14b46f62657d3a6792e2b76e328d8\image_1.jpg,Jeans
e11152774c2b8f8752a39e0a8bbd8b36\image_1.jpg,Jeans
e11152774c2b8f8752a39e0a8bbd8b36\image_2.jpg,Jeans
e11152774c2b8f8752a39e0a8bbd8b36\image_3.jpg,Jeans
e11152774c2b8f8752a39e0a8bbd8b36\image_4.jpg,Jeans
e11152774c2b8f8752a39e0a8bbd8b36\image_5.jpg,Jeans
e1b278ab469423c43cf9598e9bdf27de\image_2.jpg,Overcoat
e20889d9a95da6d8054c14b2cd464623\image_1.jpg,Evening Dress
e20889d9a95da6d8054c14b2cd464623\image_3.jpg,Evening Dress
e215b25765d1c923733ad14e9331775e\image_2.jpg,Evening Dress
e28311d4766eaf31fda38d9b785f92d9\image_1.jpg,Dress Shirt
e28311d4766eaf31fda38d9b785f92d9\image_2.jpg,Dress Shirt
e3000cefe266302deee5dc3afc6537f4\image_2.jpg,Jeans
e3ba8debed8f939d75fb80d4e9c84753\image_1.jpg,Dress Shirt
e3ba8debed8f939d75fb80d4e9c84753\image_2.jpg,Dress Shirt
e3e51c2d855ef98ed030bc9128cb5e71\image_1.jpg,Dress Shirt
e3e51c2d855ef98ed030bc9128cb5e71\image_2.jpg,Dress Shirt
e3e51c2d855ef98ed030bc9128cb5e71\image_3.jpg,Dress Shirt
e3e51c2d855ef98ed030bc9128cb5e71\image_4.jpg,Dress Shirt
e3e51c2d855ef98ed030bc9128cb5e71\image_6.jpg,Dress Shirt
e4c61280a6ed2c42849fc70f057ac3f4\image_2.jpg,Dress Shirt
e4c61280a6ed2c42849fc70f057ac3f4\image_3.jpg,Dress Shirt
e4d122cd3f556ce2ecec0e7f3fbae7ea\image_2.jpg,Jeans
e4d122cd3f556ce2ecec0e7f3fbae7ea\image_3.jpg,Jeans
e5b079930e40d8cb5c8f68e9f0120c01\image_1.jpg,Evening Dress
e6a6a4f7e8afb0af014fbbc8e04efaf5\image_1.jpg,Necktie
e6c084a65a75a575effa7d87e04ce2b5\image_2.jpg,Jeans
e6dc97947871e204bb2f9f34e835ecd2\image_1.jpg,Necktie
e704b22b6cef04d372d51062cd5e39b2\image_1.jpg,Dress Shirt
e704b22b6cef04d372d51062cd5e39b2\image_2.jpg,Dress Shirt
e74479829694a5d586b30c7053dde40d\image_4.jpg,Evening Dress
e7cb5ef427b01615d40b0aeb56cf0cab\image_1.jpg,Kimono
e8563fe926067bb4940bfc8a577bbe4f\image_1.jpg,Dress Shirt
e8563fe926067bb4940bfc8a577bbe4f\image_3.jpg,Dress Shirt
e8c111819ba45ad20eb53aa6a224a8df\image_1.jpg,Overcoat
e8c204c113bb240b5ce59e9b9c9712bb\image_3.jpg,Evening Dress
e944ca70551024d914d41c3a7401739a\image_1.jpg,Kimono
e94edb0cb1446136849ecf36a14eddb7\image_4.jpg,Dress Shirt
e94edb0cb1446136849ecf36a14eddb7\image_5.jpg,Dress Shirt
e9efa79538ab3f3f8ee62ef3f721b6b8\image_3.jpg,Kimono
ea07c2bf300f9826290a606074f1cb61\image_1.jpg,Overcoat
ea2e492e9a4a45b6d29eaf07ca2e3980\image_1.jpg,Jeans
ea2e492e9a4a45b6d29eaf07ca2e3980\image_2.jpg,Jeans
ea2e492e9a4a45b6d29eaf07ca2e3980\image_3.jpg,Jeans
ea701c21734897243d6bb6e0bb8e0304\image_1.jpg,Handbag
ea760697d5abbacea70a7577cec8b5df\image_1.jpg,Dress Shirt
ea760697d5abbacea70a7577cec8b5df\image_2.jpg,Dress Shirt
ea760697d5abbacea70a7577cec8b5df\image_4.jpg,Dress Shirt
ea760697d5abbacea70a7577cec8b5df\image_5.jpg,Jeans
ea760697d5abbacea70a7577cec8b5df\image_6.jpg,Dress Shirt
ead8e36084b835129511ebc2596250af\image_1.jpg,Jeans
ead8e36084b835129511ebc2596250af\image_2.jpg,Jeans
ead8e36084b835129511ebc2596250af\image_3.jpg,Jeans
eae891f093350b56e09019e5aba83cf1\image_1.jpg,Jeans
eae891f093350b56e09019e5aba83cf1\image_2.jpg,Evening Dress
eae891f093350b56e09019e5aba83cf1\image_3.jpg,Jeans
eaf541eb307ea7953f8f3be9edb9a877\image_1.jpg,Dress Shirt
eaf6938e25fe5470aab530a39e044182\image_1.jpg,Evening Dress
eb15f378c4cf6b78f3be520257373c2d\image_2.jpg,Kimono
eb1dc07f66d46930784415052d00913a\image_1.jpg,Kimono
eb1dc07f66d46930784415052d00913a\image_4.jpg,Kimono
eb3938ecd98b6f23c4140562c0785180\image_1.jpg,Dress Shirt
eb3938ecd98b6f23c4140562c0785180\image_2.jpg,Dress Shirt
ebfe2d307e8a1d2bf556ef4082bab248\image_1.jpg,Miniskirt
ec20ee4174b354faba8d98aae9725027\image_3.jpg,Kimono
ecbb065e76f04ba9a95b1ef1b3b9d399\image_3.jpg,Necktie
ecbb065e76f04ba9a95b1ef1b3b9d399\image_4.jpg,Necktie
ecbd56bcec59bfabaa0dc12ad7e33d04\image_1.jpg,Overcoat
ecbd56bcec59bfabaa0dc12ad7e33d04\image_3.jpg,Dress Shirt
ecbd56bcec59bfabaa0dc12ad7e33d04\image_4.jpg,Dress Shirt
ecbd56bcec59bfabaa0dc12ad7e33d04\image_5.jpg,Dress Shirt
ece139396d48e80e012a7b93b55cae96\image_3.jpg,Dress Shirt
ece139396d48e80e012a7b93b55cae96\image_4.jpg,Dress Shirt
ed0d7aba625b90aed07036e1ee90dee2\image_1.jpg,Evening Dress
ed5003a970e34667d022010b02dec198\image_1.jpg,Kimono
ed7140e853cb21b2c9f977055926565e\image_1.jpg,Necktie
ee5754a74f9c6d2955efcbd70c85ff30\image_1.jpg,Dress Shirt
ee5754a74f9c6d2955efcbd70c85ff30\image_2.jpg,Dress Shirt
eeaedb2ea12661c2b812c64a163d71ec\image_1.jpg,Miniskirt
eeaedb2ea12661c2b812c64a163d71ec\image_2.jpg,Miniskirt
eebac6504ac2b09d40a396c2c7413d18\image_1.jpg,Necktie
eecc94f939d26888bb3daa9d7a29c609\image_1.jpg,Dress Shirt
eecc94f939d26888bb3daa9d7a29c609\image_2.jpg,Dress Shirt
ef18079a638a81ad9037c6f166db291b\image_1.jpg,Evening Dress
f00b7484209a9de60cb584796a04b707\image_2.jpg,Overcoat
f00b7484209a9de60cb584796a04b707\image_3.jpg,Raincoat
f02836bc3857d8493c1258f68efdaa7c\image_4.jpg,Kimono
f0728e33e8e90d8f9667b95f5c1238e5\image_1.jpg,Evening Dress
f0728e33e8e90d8f9667b95f5c1238e5\image_3.jpg,Evening Dress
f0728e33e8e90d8f9667b95f5c1238e5\image_4.jpg,Evening Dress
f0818b5b28c13be7908f159657d37b5c\image_1.jpg,Evening Dress
f0f224e77f6b8afec9f8c2c3d3c11a55\image_4.jpg,Lingerie
f158501be0acbb11f5bef4d47ffdf3f8\image_1.jpg,Dress Shirt
f158501be0acbb11f5bef4d47ffdf3f8\image_2.jpg,Dress Shirt
f1816acbc59d65bb0e7b497d24daba8b\image_1.jpg,Dress Shirt
f1acf9f01d1df0d84f945b9e30d6e110\image_4.jpg,Miniskirt
f1acf9f01d1df0d84f945b9e30d6e110\image_5.jpg,Miniskirt
f1b91ad3cfc547ad275bc533dc57e533\image_1.jpg,Overcoat
f25737f35ce21fd2e9d0640de89caf62\image_1.jpg,Dress Shirt
f2627e60a0eb8e446114b71080bea11c\image_3.jpg,Jeans
f2c007525adae0037c4eedd1b3045835\image_1.jpg,Jeans
f2c007525adae0037c4eedd1b3045835\image_2.jpg,Jeans
f2c007525adae0037c4eedd1b3045835\image_3.jpg,Jeans
f2c007525adae0037c4eedd1b3045835\image_5.jpg,Jeans
f2cce589762f6a412e5fdad98a0e1030\image_2.jpg,Jeans
f2cce589762f6a412e5fdad98a0e1030\image_3.jpg,Jeans
f2cce589762f6a412e5fdad98a0e1030\image_4.jpg,Jeans
f2cce589762f6a412e5fdad98a0e1030\image_5.jpg,Miniskirt
f2f39db2d39fd0d5cbd2731e32d3a62d\image_3.jpg,Kimono
f371c1903d9e60698837bd61ecb372bd\image_3.jpg,Evening Dress
f39101943ca79ed5fca2d2eb743dc10c\image_1.jpg,Dress Shirt
f39101943ca79ed5fca2d2eb743dc10c\image_2.jpg,Dress Shirt
f47f04417db0fe2957474ede86225c57\image_1.jpg,Kimono
f49bce1ae24cd19c085e927fbfc3c29d\image_2.jpg,Raincoat
f4b47ffc29e65532912848af9b4a592a\image_1.jpg,Dress Shirt
f4b47ffc29e65532912848af9b4a592a\image_2.jpg,Dress Shirt
f4e959df0f2667bb95143a1bfabd5d0b\image_1.jpg,Dress Shirt
f4e959df0f2667bb95143a1bfabd5d0b\image_2.jpg,Dress Shirt
f4f0db481a0991603c4fa3df944bd8af\image_1.jpg,Jeans
f4f0db481a0991603c4fa3df944bd8af\image_3.jpg,Jeans
f5ad9461242c12433b66152b541ce3d6\image_3.jpg,Dress Shirt
f5ad9461242c12433b66152b541ce3d6\image_4.jpg,Dress Shirt
f618b5010a7cffbe510bc074acb7fb1f\image_2.jpg,Evening Dress
f618b5010a7cffbe510bc074acb7fb1f\image_3.jpg,Evening Dress
f618b5010a7cffbe510bc074acb7fb1f\image_4.jpg,Evening Dress
f618b5010a7cffbe510bc074acb7fb1f\image_7.jpg,Handbag
f633528ea4c4a06336a9206a561b2460\image_1.jpg,Dress Shirt
f633528ea4c4a06336a9206a561b2460\image_2.jpg,Dress Shirt
f64708ef853a51405ad31945df840751\image_1.jpg,Miniskirt
f64708ef853a51405ad31945df840751\image_2.jpg,Miniskirt
f68152e14a37f203d8a071c967ec2392\image_1.jpg,Jeans
f68152e14a37f203d8a071c967ec2392\image_2.jpg,Jeans
f692a7f9dbd19552cd5ad0d4e68450b1\image_1.jpg,Dress Shirt
f692a7f9dbd19552cd5ad0d4e68450b1\image_2.jpg,Dress Shirt
f692a7f9dbd19552cd5ad0d4e68450b1\image_3.jpg,Dress Shirt
f6b3e667c7a15421d406c7b4c1a6ed77\image_1.jpg,Kimono
f6d328aaca97ba05dafd6265b1240baf\image_2.jpg,Dress Shirt
f72cea2c45c82ad080a614bcfad8aff5\image_1.jpg,Kimono
f755bda93962bffa594b565c5a705685\image_1.jpg,Overcoat
f7ffd4dd6a60c0ca7e2c09ae7b4b9a96\image_3.jpg,Kimono
f8a145ad93953a9625544ffb1329d2ea\image_3.jpg,Jeans
f90ad6e84ba799218ff47e107659454b\image_1.jpg,Dress Shirt
f94a9846f2645077935811180d274229\image_1.jpg,Jeans
f94a9846f2645077935811180d274229\image_3.jpg,Jeans
f97539a53e53b6f925db2f869b2ab71c\image_1.jpg,Miniskirt
f97539a53e53b6f925db2f869b2ab71c\image_2.jpg,Miniskirt
f97539a53e53b6f925db2f869b2ab71c\image_4.jpg,Miniskirt
f989866ebcf556121c9f511ce6bb0353\image_1.jpg,Jeans
f989866ebcf556121c9f511ce6bb0353\image_2.jpg,Jeans
f989866ebcf556121c9f511ce6bb0353\image_3.jpg,Jeans
f989866ebcf556121c9f511ce6bb0353\image_4.jpg,Jeans
f9a1c851cf5b0bf565200c82463b3c3f\image_1.jpg,Evening Dress
f9a1c851cf5b0bf565200c82463b3c3f\image_2.jpg,Evening Dress
f9a1c851cf5b0bf565200c82463b3c3f\image_3.jpg,Evening Dress
f9a1c851cf5b0bf565200c82463b3c3f\image_4.jpg,Evening Dress
f9a1c851cf5b0bf565200c82463b3c3f\image_6.jpg,Evening Dress
f9a51a2eed3bfc1c451b9773de0dd80c\image_2.jpg,Overcoat
f9e6271954d68dcffd01a75a524bbef2\image_1.jpg,Necktie
f9e71c590b31d526d6cf673e513762c8\image_2.jpg,Evening Dress
fa02a9ff5f67b9b8ca4997ed15629166\image_1.jpg,Dress Shirt
fa02a9ff5f67b9b8ca4997ed15629166\image_2.jpg,Dress Shirt
fa02a9ff5f67b9b8ca4997ed15629166\image_4.jpg,Dress Shirt
fa09626c58cf08ea9657e684fde09b17\image_1.jpg,Dress Shirt
fa09626c58cf08ea9657e684fde09b17\image_3.jpg,Dress Shirt
fa09626c58cf08ea9657e684fde09b17\image_4.jpg,Overcoat
fa09626c58cf08ea9657e684fde09b17\image_5.jpg,Dress Shirt
fa6cad2c8d5c2d79c603b2b9c704f790\image_1.jpg,Jeans
fac047c31df60c5d3662e16f2bd25d08\image_1.jpg,Dress Shirt
fac047c31df60c5d3662e16f2bd25d08\image_2.jpg,Dress Shirt
fb0a0270dc5b8360f92b944afd64c073\image_1.jpg,Dress Shirt
fb0a0270dc5b8360f92b944afd64c073\image_2.jpg,Dress Shirt
fb118135a000c510126fe065694318cf\image_1.jpg,Overcoat
fb193512239783aa989047b928395ef9\image_3.jpg,Jeans
fb778ad16f2c1924b68144c02734c1c5\image_3.jpg,Evening Dress
fba9a37cbb219fa06333312de5694a34\image_1.jpg,Kimono
fbbdca2837a0cf28fe3698673e20ce53\image_1.jpg,Dress Shirt
fbbdca2837a0cf28fe3698673e20ce53\image_2.jpg,Dress Shirt
fbbdca2837a0cf28fe3698673e20ce53\image_3.jpg,Dress Shirt
fbc802093fca0234e1b9f89c116301eb\image_1.jpg,Jeans
fbc802093fca0234e1b9f89c116301eb\image_2.jpg,Jeans
fbd66f75053702253e5bc99f3cf611d7\image_1.jpg,Jeans
fbd66f75053702253e5bc99f3cf611d7\image_2.jpg,Jeans
fbd66f75053702253e5bc99f3cf611d7\image_3.jpg,Jeans
fbdc33c7b820a88c23bab80c42cb8796\image_1.jpg,Jeans
fbdc33c7b820a88c23bab80c42cb8796\image_2.jpg,Jeans
fbdc33c7b820a88c23bab80c42cb8796\image_3.jpg,Jeans
fc0a6743eef676c1692b74912549101d\image_3.jpg,Dress Shirt
fc339c5a50d869c5a486a3733052252b\image_1.jpg,Dress Shirt
fc580aa80b20175bd6478429ccdcae11\image_2.jpg,Hoodie
fc97d29af3faba23b87cdcfbebdf38a6\image_1.jpg,Necktie
fcb146807074c3d37afc39b2666862d1\image_3.jpg,Jeans
fd36e2285729467a5dd1a2f528693bf6\image_1.jpg,Miniskirt
fd36e2285729467a5dd1a2f528693bf6\image_2.jpg,Miniskirt
fd590d44804ad8856a42a08eed30da48\image_1.jpg,Dress Shirt
fd590d44804ad8856a42a08eed30da48\image_2.jpg,Dress Shirt
fd6e4c036f6994ff10fcc383ce2c894d\image_3.jpg,Kimono
fda8f080c8f5fb8d56963121966e6801\image_2.jpg,Miniskirt
fdece735db6a4dccd83883ecf6291e07\image_1.jpg,Jeans
fdf8bcf4bc6d744506c6056a8dbc71fc\image_2.jpg,Evening Dress
fdf8bcf4bc6d744506c6056a8dbc71fc\image_3.jpg,Jeans
fdf8bcf4bc6d744506c6056a8dbc71fc\image_4.jpg,Evening Dress
fe5bdf3d42d5ffa7b2adc7ce73c361b8\image_2.jpg,Miniskirt
fe5bdf3d42d5ffa7b2adc7ce73c361b8\image_3.jpg,Miniskirt
fe5bdf3d42d5ffa7b2adc7ce73c361b8\image_4.jpg,Miniskirt
fe6eddadb6320a7b8af039d0af731fa0\image_1.jpg,Hoodie
fe6eddadb6320a7b8af039d0af731fa0\image_2.jpg,Miniskirt
fe6eddadb6320a7b8af039d0af731fa0\image_3.jpg,Miniskirt
fe9da9fb3abcf726b372a1b45bc85bab\image_1.jpg,Dress Shirt
fe9da9fb3abcf726b372a1b45bc85bab\image_2.jpg,Dress Shirt
fe9da9fb3abcf726b372a1b45bc85bab\image_3.jpg,Dress Shirt
fead29fcff69a57048e97b0ea5c54182\image_1.jpg,Dress Shirt
fead29fcff69a57048e97b0ea5c54182\image_2.jpg,Dress Shirt
fec62ca9343e4557ddf737205f2bc2e5\image_1.jpg,Dress Shirt
fec62ca9343e4557ddf737205f2bc2e5\image_2.jpg,Dress Shirt
ff74c9acd5e322a076b92a8f45c3b581\image_1.jpg,Dress Shirt
ff74c9acd5e322a076b92a8f45c3b581\image_2.jpg,Dress Shirt
ffa3608b40973b9eb52d18f78b8c0472\image_1.jpg,Jeans
ffab0db203bf453cab7d630fc3750842\image_3.jpg,Evening Dress
